ore_ont_6461.owl,0.002,0.001,0.001,0.001,0.001,0.001,0.001,0.001,0.001,0.001,0.0011,0.001
ore_ont_8335.owl,0.002,0.001,0.002,0.002,0.001,0.001,0.002,0.003,0.002,0.001,0.0017000000000000001,0.002
ore_ont_2775.owl,0.002,0.002,0.002,0.002,0.002,0.002,0.002,0.001,0.001,0.001,0.0017000000000000001,0.002
ore_ont_16827.owl,0.002,0.001,0.001,0.001,0.001,0.001,0.001,0.001,0.001,0.001,0.0011,0.001
ore_ont_14588.owl,0.001,0.001,0.002,0.001,0.001,0.002,0.001,0.001,0.001,0.001,0.0012000000000000001,0.001
ore_ont_1524.owl,0.002,0.002,0.001,0.002,0.002,0.002,0.001,0.001,0.001,0.001,0.0015,0.0015
ore_ont_9462.owl,0.001,0.001,0.001,0.001,0.002,0.001,0.001,0.001,0.001,0.001,0.0011,0.001
ore_ont_15421.owl,0.003,0.002,0.002,0.002,0.002,0.002,0.002,0.002,0.002,0.001,0.002,0.002
ore_ont_7417.owl,0.002,0.002,0.002,0.002,0.002,0.002,0.001,0.001,0.002,0.001,0.0017000000000000001,0.002
ore_ont_3936.owl,0.003,0.002,0.002,0.003,0.002,0.002,0.002,0.003,0.003,0.003,0.0025,0.0025
ore_ont_16723.owl,0.002,0.001,0.002,0.002,0.001,0.001,0.002,0.001,0.001,0.001,0.0014,0.001
ore_ont_13132.owl,0.006,0.005,0.006,0.009,0.005,0.005,0.006,0.006,0.005,0.005,0.0058,0.0055
ore_ont_13885.owl,0.003,0.004,0.004,0.004,0.003,0.004,0.003,0.002,0.002,0.002,0.0031,0.003
ore_ont_16274.owl,0.002,0.001,0.002,0.002,0.002,0.001,0.002,0.001,0.002,0.002,0.0017000000000000001,0.002
ore_ont_3205.owl,0.001,0.002,0.003,0.003,0.003,0.002,0.002,0.002,0.002,0.002,0.0022,0.002
ore_ont_16267.owl,0.003,0.002,0.002,0.002,0.002,0.002,0.002,0.002,0.002,0.002,0.0021,0.002
ore_ont_16630.owl,0.003,0.002,0.002,0.003,0.002,0.003,0.002,0.003,0.002,0.003,0.0025,0.0025
ore_ont_16814.owl,0.003,0.001,0.002,0.002,0.002,0.002,0.002,0.002,0.001,0.001,0.0018,0.002
ore_ont_16197.owl,0.001,0.0,0.001,0.001,0.001,0.001,0.001,0.001,0.001,0.001,9.0E-4,0.001
ore_ont_12150.owl,0.002,0.002,0.001,0.002,0.001,0.002,0.001,0.002,0.001,0.002,0.0016,0.002
ore_ont_10894.owl,0.003,0.002,0.004,0.002,0.002,0.003,0.002,0.002,0.002,0.002,0.0024000000000000002,0.002
ore_ont_9928.owl,0.004,0.003,0.003,0.003,0.003,0.003,0.003,0.003,0.003,0.003,0.0031,0.003
ore_ont_7789.owl,0.003,0.001,0.002,0.002,0.002,0.002,0.002,0.002,0.001,0.002,0.0019,0.002
ore_ont_1988.owl,0.003,0.001,0.002,0.002,0.002,0.002,0.002,0.001,0.002,0.001,0.0018,0.002
ore_ont_3281.owl,0.004,0.003,0.003,0.003,0.003,0.003,0.003,0.003,0.002,0.002,0.0029000000000000002,0.003
ore_ont_11004.owl,0.001,0.002,0.002,0.001,0.001,0.001,0.001,0.001,0.002,0.002,0.0014,0.001
ore_ont_7800.owl,0.002,0.002,0.001,0.001,0.002,0.002,0.001,0.001,0.002,0.001,0.0015,0.0015
ore_ont_10199.owl,0.002,0.001,0.001,0.001,0.001,0.001,0.001,0.002,0.002,0.001,0.0013,0.001
ore_ont_3053.owl,org.semanticweb.owlapi.reasoner.InconsistentOntologyException: Inconsistent ontology
ore_ont_11203.owl,0.003,0.001,0.001,0.002,0.001,0.002,0.002,0.001,0.002,0.002,0.0017000000000000001,0.002
ore_ont_14379.owl,0.004,0.004,0.004,0.004,0.004,0.004,0.004,0.004,0.004,0.004,0.004,0.004
ore_ont_11533.owl,org.semanticweb.owlapi.reasoner.ReasonerInternalException: Unsupported datatype 'http://www.w3.org/2001/XMLSchema#language'
ore_ont_11592.owl,0.002,0.001,0.001,0.002,0.002,0.001,0.002,0.002,0.002,0.002,0.0017000000000000001,0.002
ore_ont_16670.owl,org.semanticweb.owlapi.reasoner.ReasonerInternalException: Unsupported datatype 'http://www.w3.org/2001/XMLSchema#language'
ore_ont_10580.owl,0.008,0.007,0.007,0.007,0.007,0.007,0.007,0.007,0.007,0.007,0.0071,0.007
ore_ont_6859.owl,0.003,0.002,0.002,0.002,0.001,0.002,0.001,0.001,0.001,0.002,0.0017000000000000001,0.002
ore_ont_1866.owl,org.semanticweb.owlapi.reasoner.ReasonerInternalException: Unsupported datatype 'http://www.w3.org/2001/XMLSchema#language'
ore_ont_15068.owl,0.001,0.001,0.001,0.001,0.001,0.001,0.001,0.001,0.001,0.001,0.001,0.001
ore_ont_13129.owl,Error: 134
ore_ont_4035.owl,0.005,0.004,0.004,0.004,0.005,0.005,0.004,0.005,0.005,0.005,0.0046,0.005
ore_ont_5074.owl,0.002,0.001,0.002,0.002,0.001,0.001,0.001,0.001,0.002,0.001,0.0014,0.001
ore_ont_16033.owl,0.002,0.001,0.001,0.001,0.001,0.001,0.001,0.001,0.001,0.002,0.0012000000000000001,0.001
ore_ont_13799.owl,0.004,0.003,0.002,0.003,0.003,0.003,0.003,0.003,0.003,0.003,0.003,0.003
ore_ont_10681.owl,org.semanticweb.owlapi.reasoner.ReasonerInternalException: Unsupported datatype 'http://www.w3.org/2001/XMLSchema#language'
ore_ont_12323.owl,org.semanticweb.owlapi.reasoner.ReasonerInternalException: Unsupported datatype 'http://www.w3.org/2001/XMLSchema#language'
ore_ont_14800.owl,org.semanticweb.owlapi.reasoner.ReasonerInternalException: Unsupported datatype 'http://www.w3.org/2001/XMLSchema#language'
ore_ont_1430.owl,0.003,0.002,0.002,0.002,0.002,0.002,0.002,0.002,0.002,0.002,0.0021,0.002
ore_ont_14175.owl,0.004,0.003,0.003,0.004,0.003,0.004,0.003,0.002,0.002,0.002,0.003,0.003
ore_ont_1898.owl,org.semanticweb.owlapi.reasoner.ReasonerInternalException: Unsupported datatype 'http://www.w3.org/2001/XMLSchema#language'
ore_ont_5932.owl,0.002,0.001,0.002,0.002,0.002,0.001,0.002,0.002,0.002,0.002,0.0018,0.002
ore_ont_4133.owl,0.003,0.002,0.003,0.003,0.002,0.003,0.003,0.002,0.002,0.002,0.0025,0.0025
ore_ont_13872.owl,0.135,0.132,0.132,0.133,0.133,0.133,0.133,0.133,0.133,0.133,0.133,0.133
ore_ont_85.owl,org.semanticweb.owlapi.reasoner.ReasonerInternalException: Unsupported datatype 'http://www.w3.org/2001/XMLSchema#language'
ore_ont_15103.owl,org.semanticweb.owlapi.reasoner.ReasonerInternalException: Unsupported datatype 'http://www.w3.org/2001/XMLSchema#language'
ore_ont_13704.owl,0.002,0.001,0.001,0.001,0.001,0.001,0.001,0.001,0.001,0.001,0.0011,0.001
ore_ont_13833.owl,0.006,0.003,0.004,0.004,0.004,0.004,0.003,0.003,0.004,0.004,0.0039000000000000003,0.004
ore_ont_15514.owl,0.01,0.009,0.01,0.009,0.009,0.009,0.009,0.009,0.01,0.01,0.0094,0.009
ore_ont_13584.owl,0.011,0.009,0.01,0.009,0.009,0.01,0.009,0.009,0.009,0.01,0.0095,0.009
ore_ont_15291.owl,0.005,0.003,0.003,0.005,0.004,0.005,0.005,0.006,0.003,0.004,0.0043,0.0045000000000000005
ore_ont_5204.owl,0.003,0.004,0.003,0.002,0.003,0.002,0.003,0.003,0.004,0.004,0.0031,0.003
ore_ont_10009.owl,org.semanticweb.owlapi.reasoner.ReasonerInternalException: Unsupported datatype 'http://www.w3.org/2001/XMLSchema#language'
ore_ont_568.owl,0.005,0.004,0.004,0.005,0.004,0.004,0.004,0.004,0.005,0.004,0.0043,0.004
ore_ont_15058.owl,0.005,0.006,0.004,0.004,0.004,0.004,0.004,0.004,0.004,0.004,0.0043,0.004
ore_ont_4719.owl,0.004,0.004,0.003,0.003,0.004,0.004,0.004,0.004,0.004,0.004,0.0038,0.004
ore_ont_3022.owl,org.semanticweb.owlapi.reasoner.ReasonerInternalException: Unsupported datatype 'http://www.w3.org/2001/XMLSchema#language'
ore_ont_12369.owl,org.semanticweb.owlapi.reasoner.ReasonerInternalException: Unsupported datatype 'http://www.w3.org/2001/XMLSchema#language'
ore_ont_5509.owl,0.004,0.001,0.001,0.001,0.002,0.001,0.002,0.002,0.002,0.001,0.0017000000000000001,0.0015
ore_ont_7988.owl,0.003,0.002,0.003,0.003,0.003,0.002,0.002,0.002,0.002,0.003,0.0025,0.0025
ore_ont_15010.owl,0.02,0.018,0.017,0.018,0.018,0.018,0.018,0.017,0.018,0.018,0.018,0.018
ore_ont_12112.owl,org.semanticweb.owlapi.reasoner.ReasonerInternalException: Unsupported datatype 'http://www.w3.org/2001/XMLSchema#language'
ore_ont_13398.owl,0.006,0.005,0.004,0.005,0.005,0.005,0.006,0.005,0.008,0.008,0.0057,0.005
ore_ont_7011.owl,0.059,0.058,0.058,0.058,0.058,0.059,0.058,0.059,0.06,0.058,0.0585,0.058
ore_ont_7179.owl,org.semanticweb.owlapi.reasoner.InconsistentOntologyException: Inconsistent ontology
ore_ont_15596.owl,0.006,0.004,0.004,0.004,0.004,0.004,0.004,0.004,0.004,0.004,0.0042,0.004
ore_ont_7894.owl,0.007,0.005,0.005,0.004,0.003,0.003,0.003,0.003,0.003,0.003,0.0039000000000000003,0.003
ore_ont_8975.owl,0.005,0.004,0.004,0.004,0.004,0.004,0.004,0.004,0.004,0.004,0.0041,0.004
ore_ont_10571.owl,0.005,0.004,0.006,0.004,0.004,0.004,0.004,0.004,0.004,0.004,0.0043,0.004
ore_ont_14185.owl,0.003,0.002,0.002,0.001,0.002,0.002,0.002,0.002,0.002,0.002,0.002,0.002
ore_ont_9690.owl,0.002,0.001,0.002,0.002,0.001,0.001,0.001,0.002,0.001,0.001,0.0014,0.001
ore_ont_8362.owl,0.009,0.008,0.008,0.008,0.008,0.009,0.008,0.008,0.008,0.008,0.0082,0.008
ore_ont_12566.owl,0.013,0.013,0.012,0.012,0.012,0.012,0.012,0.013,0.013,0.012,0.0124,0.012
ore_ont_2303.owl,0.004,0.005,0.004,0.004,0.003,0.005,0.005,0.004,0.003,0.003,0.004,0.004
ore_ont_13805.owl,0.872,0.87,0.875,0.87,0.87,0.872,0.874,0.873,0.872,0.868,0.8716,0.872
ore_ont_7668.owl,1.264,1.274,1.276,1.277,1.276,1.27,1.28,1.266,1.27,1.275,1.2728,1.2745
ore_ont_11978.owl,0.003,0.002,0.002,0.004,0.002,0.003,0.002,0.002,0.002,0.002,0.0024000000000000002,0.002
ore_ont_1172.owl,0.004,0.004,0.003,0.002,0.002,0.002,0.003,0.002,0.002,0.002,0.0026,0.002
ore_ont_8502.owl,0.006,0.004,0.005,0.004,0.005,0.005,0.005,0.005,0.004,0.004,0.0047,0.005
ore_ont_3708.owl,0.003,0.002,0.003,0.002,0.002,0.002,0.002,0.002,0.002,0.003,0.0023,0.002
ore_ont_5033.owl,0.002,0.002,0.002,0.003,0.002,0.003,0.002,0.002,0.003,0.003,0.0024000000000000002,0.002
ore_ont_11416.owl,0.006,0.004,0.005,0.004,0.004,0.005,0.004,0.005,0.004,0.004,0.0045000000000000005,0.004
ore_ont_1853.owl,0.003,0.002,0.003,0.002,0.003,0.003,0.003,0.002,0.003,0.002,0.0026,0.003
ore_ont_14388.owl,0.006,0.004,0.004,0.004,0.005,0.004,0.004,0.005,0.004,0.004,0.0044,0.004
ore_ont_13035.owl,0.011,0.006,0.006,0.006,0.006,0.006,0.007,0.006,0.006,0.006,0.0066,0.006
ore_ont_2526.owl,0.005,0.003,0.004,0.003,0.002,0.002,0.003,0.002,0.003,0.002,0.0029000000000000002,0.003
ore_ont_12721.owl,0.004,0.003,0.003,0.004,0.003,0.002,0.002,0.003,0.002,0.002,0.0028,0.003
ore_ont_5205.owl,0.003,0.002,0.001,0.002,0.001,0.001,0.002,0.002,0.002,0.002,0.0018,0.002
ore_ont_3411.owl,0.343,0.341,0.339,0.342,0.341,0.342,0.341,0.339,0.342,0.345,0.3415,0.3415
ore_ont_3966.owl,0.011,0.01,0.01,0.01,0.01,0.01,0.011,0.011,0.011,0.011,0.010499999999999999,0.010499999999999999
ore_ont_1869.owl,0.004,0.003,0.001,0.002,0.001,0.003,0.002,0.002,0.002,0.002,0.0022,0.002
ore_ont_6615.owl,0.003,0.003,0.002,0.002,0.002,0.002,0.002,0.003,0.002,0.003,0.0024000000000000002,0.002
ore_ont_2608.owl,0.01,0.009,0.009,0.009,0.009,0.009,0.009,0.008,0.008,0.008,0.008799999999999999,0.009
ore_ont_16481.owl,1.807,1.796,1.813,1.805,1.803,1.807,1.809,1.81,1.801,1.81,1.8061,1.807
ore_ont_14883.owl,0.008,0.007,0.007,0.007,0.007,0.007,0.007,0.007,0.007,0.007,0.0071,0.007
ore_ont_4875.owl,0.028,0.023,0.014,0.018,0.014,0.014,0.014,0.014,0.014,0.014,0.0167,0.014
ore_ont_8460.owl,0.006,0.005,0.004,0.005,0.004,0.005,0.005,0.005,0.005,0.005,0.0049,0.005
ore_ont_2744.owl,0.004,0.004,0.004,0.004,0.004,0.004,0.003,0.004,0.004,0.004,0.0039000000000000003,0.004
ore_ont_1784.owl,0.005,0.007,0.004,0.004,0.004,0.004,0.005,0.004,0.004,0.004,0.0045000000000000005,0.004
ore_ont_4315.owl,0.005,0.002,0.002,0.003,0.002,0.002,0.002,0.002,0.003,0.003,0.0026,0.002
ore_ont_10314.owl,0.005,0.003,0.003,0.004,0.003,0.003,0.002,0.003,0.002,0.002,0.003,0.003
ore_ont_1537.owl,0.006,0.003,0.003,0.003,0.003,0.003,0.003,0.005,0.004,0.004,0.0037,0.003
ore_ont_15652.owl,0.003,0.002,0.002,0.002,0.002,0.002,0.002,0.002,0.002,0.002,0.0021,0.002
ore_ont_7342.owl,0.022,0.021,0.021,0.037,0.037,0.021,0.027,0.026,0.035,0.028,0.0275,0.0265
ore_ont_3259.owl,0.006,0.003,0.003,0.004,0.003,0.004,0.003,0.003,0.003,0.004,0.0036,0.003
ore_ont_6258.owl,0.006,0.005,0.005,0.004,0.004,0.004,0.004,0.005,0.004,0.004,0.0045000000000000005,0.004
ore_ont_2556.owl,0.005,0.002,0.003,0.003,0.003,0.003,0.003,0.003,0.003,0.003,0.0031,0.003
ore_ont_5014.owl,0.004,0.003,0.003,0.002,0.003,0.003,0.003,0.003,0.004,0.005,0.0033,0.003
ore_ont_5216.owl,0.004,0.003,0.003,0.002,0.003,0.003,0.002,0.002,0.002,0.003,0.0027,0.003
ore_ont_6272.owl,2.033,2.028,2.036,2.024,2.028,2.036,2.032,2.036,2.035,2.039,2.0327,2.034
ore_ont_1705.owl,0.004,0.002,0.003,0.003,0.002,0.003,0.003,0.002,0.003,0.003,0.0028,0.003
ore_ont_13762.owl,0.002,0.002,0.001,0.001,0.001,0.001,0.001,0.002,0.002,0.001,0.0014,0.001
ore_ont_934.owl,69.797,69.296,69.551,69.651,69.383,69.454,69.443,69.404,68.834,69.552,69.4365,69.4485
ore_ont_586.owl,0.004,0.003,0.003,0.003,0.003,0.003,0.003,0.002,0.003,0.003,0.003,0.003
ore_ont_6720.owl,org.semanticweb.owlapi.reasoner.InconsistentOntologyException: Inconsistent ontology
ore_ont_10320.owl,0.005,0.004,0.006,0.006,0.004,0.003,0.004,0.004,0.003,0.004,0.0043,0.004
ore_ont_6983.owl,0.005,0.004,0.004,0.004,0.003,0.004,0.004,0.004,0.004,0.004,0.004,0.004
ore_ont_11016.owl,0.037,0.036,0.036,0.037,0.037,0.037,0.036,0.036,0.037,0.037,0.0366,0.037
ore_ont_15682.owl,org.semanticweb.owlapi.reasoner.ReasonerInternalException: Unsupported datatype 'http://www.w3.org/TR/2003/PR-owl-guide-20031209/wine#HighUWSScoreForWine'
ore_ont_11577.owl,0.003,0.002,0.003,0.001,0.002,0.002,0.002,0.001,0.002,0.001,0.0019,0.002
ore_ont_8948.owl,0.005,0.006,0.004,0.006,0.005,0.004,0.004,0.004,0.004,0.004,0.0046,0.004
ore_ont_16191.owl,0.006,0.004,0.004,0.004,0.004,0.004,0.004,0.004,0.004,0.004,0.0042,0.004
ore_ont_16115.owl,0.003,0.002,0.001,0.001,0.002,0.002,0.002,0.002,0.002,0.002,0.0019,0.002
ore_ont_5564.owl,0.008,0.004,0.005,0.007,0.004,0.004,0.004,0.004,0.004,0.004,0.0048000000000000004,0.004
ore_ont_8355.owl,0.004,0.003,0.003,0.004,0.003,0.003,0.003,0.003,0.003,0.003,0.0032,0.003
ore_ont_11694.owl,0.004,0.002,0.003,0.003,0.002,0.003,0.003,0.003,0.003,0.002,0.0028,0.003
ore_ont_155.owl,0.008,0.006,0.007,0.006,0.006,0.006,0.007,0.006,0.007,0.007,0.0066,0.006500000000000001
ore_ont_3726.owl,0.004,0.003,0.003,0.004,0.002,0.003,0.003,0.003,0.003,0.002,0.003,0.003
ore_ont_7278.owl,0.004,0.002,0.003,0.002,0.003,0.002,0.003,0.003,0.004,0.004,0.003,0.003
ore_ont_2488.owl,0.011,0.007,0.006,0.006,0.006,0.007,0.01,0.007,0.006,0.006,0.0072,0.006500000000000001
ore_ont_3566.owl,0.004,0.002,0.002,0.003,0.002,0.003,0.003,0.003,0.003,0.003,0.0028,0.003
ore_ont_1958.owl,0.065,0.063,0.069,0.064,0.063,0.063,0.063,0.064,0.063,0.063,0.064,0.063
ore_ont_10230.owl,0.005,0.003,0.003,0.003,0.003,0.003,0.003,0.003,0.003,0.003,0.0032,0.003
ore_ont_15753.owl,0.001,0.002,0.002,0.001,0.001,0.001,0.001,0.001,0.001,0.001,0.0012000000000000001,0.001
ore_ont_13898.owl,0.006,0.005,0.004,0.004,0.005,0.004,0.004,0.004,0.005,0.004,0.0045000000000000005,0.004
ore_ont_6857.owl,0.006,0.004,0.004,0.005,0.005,0.005,0.004,0.005,0.004,0.005,0.0047,0.005
ore_ont_12932.owl,0.006,0.004,0.004,0.003,0.004,0.004,0.004,0.003,0.004,0.003,0.0039000000000000003,0.004
ore_ont_4983.owl,0.008,0.007,0.007,0.007,0.007,0.007,0.007,0.008,0.008,0.007,0.0073,0.007
ore_ont_13954.owl,2.582,2.585,2.596,2.629,2.58,2.599,2.576,2.583,2.584,2.595,2.5909,2.5845000000000002
ore_ont_3010.owl,3.11,3.101,3.122,3.123,3.113,3.13,3.118,3.132,3.113,3.139,3.1201,3.12
ore_ont_1931.owl,0.004,0.004,0.004,0.003,0.003,0.003,0.004,0.003,0.003,0.004,0.0035,0.0035
ore_ont_15413.owl,0.01,0.008,0.005,0.005,0.006,0.005,0.005,0.005,0.005,0.006,0.006,0.005
ore_ont_5324.owl,0.007,0.004,0.005,0.005,0.004,0.004,0.005,0.005,0.005,0.007,0.0051,0.005
ore_ont_6278.owl,0.007,0.006,0.006,0.006,0.005,0.006,0.005,0.005,0.005,0.005,0.0056,0.0055
ore_ont_14981.owl,0.007,0.006,0.005,0.005,0.005,0.006,0.005,0.005,0.005,0.005,0.0054,0.005
ore_ont_5834.owl,2.749,2.764,2.758,2.753,2.768,2.755,2.759,2.764,2.753,2.771,2.7594,2.7584999999999997
ore_ont_850.owl,2.775,2.77,2.764,2.775,2.771,2.781,2.78,2.785,2.77,2.782,2.7753,2.775
ore_ont_2826.owl,2.749,2.76,2.762,2.764,2.764,2.752,2.759,2.779,2.768,2.764,2.7620999999999998,2.763
ore_ont_10702.owl,2.479,2.482,2.494,2.49,2.485,2.491,2.493,2.489,2.501,2.502,2.4906,2.4905
ore_ont_3156.owl,2.543,2.503,2.507,2.517,2.49,2.499,2.498,2.493,2.514,2.498,2.5062,2.5010000000000003
ore_ont_8042.owl,2.755,2.734,2.765,2.75,2.755,2.757,2.757,2.75,2.748,2.75,2.7521,2.7525
ore_ont_8429.owl,0.014,0.008,0.008,0.008,0.008,0.008,0.008,0.008,0.008,0.008,0.0086,0.008
ore_ont_4469.owl,0.007,0.005,0.005,0.006,0.005,0.005,0.005,0.005,0.005,0.005,0.0053,0.005
ore_ont_12084.owl,0.007,0.005,0.006,0.008,0.006,0.005,0.005,0.005,0.005,0.005,0.0057,0.005
ore_ont_16425.owl,0.005,0.004,0.002,0.003,0.002,0.003,0.003,0.003,0.002,0.002,0.0029000000000000002,0.003
ore_ont_8280.owl,Error: 134
ore_ont_4400.owl,0.004,0.002,0.003,0.003,0.002,0.003,0.003,0.003,0.002,0.003,0.0028,0.003
ore_ont_5539.owl,Error: 134
ore_ont_10906.owl,Error: 134
ore_ont_1397.owl,2.228,2.238,2.236,2.236,2.244,2.232,2.248,2.241,2.243,2.253,2.2399,2.2395
ore_ont_8786.owl,2.239,2.233,2.246,2.245,2.24,2.24,2.24,2.238,2.243,2.234,2.2398000000000002,2.24
ore_ont_237.owl,Error: 134
ore_ont_5206.owl,Error: 134
ore_ont_13880.owl,Error: 134
ore_ont_16371.owl,0.011,0.009,0.009,0.01,0.009,0.009,0.009,0.009,0.009,0.009,0.0093,0.009
ore_ont_13646.owl,0.012,0.01,0.01,0.01,0.011,0.011,0.01,0.01,0.01,0.01,0.0104,0.01
ore_ont_11477.owl,3.058,3.095,3.1,3.086,3.09,3.102,3.079,3.09,3.081,3.088,3.0869,3.089
ore_ont_10517.owl,Error: 134
ore_ont_13112.owl,0.005,0.003,0.004,0.007,0.004,0.003,0.004,0.003,0.003,0.004,0.004,0.004
ore_ont_16255.owl,0.012,0.01,0.01,0.009,0.01,0.01,0.009,0.01,0.01,0.01,0.01,0.01
ore_ont_13404.owl,0.007,0.005,0.005,0.003,0.003,0.003,0.004,0.003,0.003,0.003,0.0039000000000000003,0.003
ore_ont_8387.owl,2.355,2.382,2.358,2.362,2.38,2.366,2.376,2.379,2.372,2.353,2.3683,2.3689999999999998
ore_ont_5764.owl,0.037,0.036,0.035,0.036,0.035,0.035,0.035,0.035,0.035,0.035,0.0354,0.035
ore_ont_6951.owl,0.008,0.005,0.005,0.005,0.005,0.005,0.005,0.005,0.005,0.005,0.0053,0.005
ore_ont_16372.owl,org.semanticweb.owlapi.reasoner.InconsistentOntologyException: Inconsistent ontology
ore_ont_12270.owl,0.013,0.012,0.012,0.013,0.012,0.012,0.012,0.012,0.012,0.012,0.0122,0.012
ore_ont_3344.owl,0.033,0.031,0.031,0.033,0.032,0.032,0.03,0.031,0.033,0.03,0.0316,0.0315
ore_ont_4961.owl,0.004,0.003,0.003,0.003,0.003,0.003,0.003,0.003,0.004,0.003,0.0032,0.003
ore_ont_11115.owl,0.027,0.025,0.038,0.026,0.025,0.025,0.025,0.025,0.025,0.025,0.026600000000000002,0.025
ore_ont_1211.owl,0.023,0.02,0.019,0.02,0.019,0.019,0.019,0.019,0.019,0.02,0.0197,0.019
ore_ont_727.owl,0.023,0.02,0.02,0.02,0.019,0.019,0.019,0.02,0.019,0.02,0.0199,0.02
ore_ont_7327.owl,0.011,0.008,0.009,0.011,0.009,0.009,0.009,0.008,0.008,0.008,0.009,0.009
ore_ont_11572.owl,0.006,0.004,0.003,0.004,0.003,0.004,0.003,0.004,0.004,0.003,0.0038,0.004
ore_ont_7818.owl,0.007,0.004,0.005,0.008,0.004,0.005,0.006,0.005,0.005,0.005,0.0054,0.005
ore_ont_12892.owl,0.035,0.034,0.031,0.032,0.031,0.031,0.031,0.033,0.031,0.03,0.0319,0.031
ore_ont_15030.owl,0.013,0.005,0.006,0.006,0.006,0.005,0.006,0.006,0.005,0.006,0.0064,0.006
ore_ont_5688.owl,0.019,0.017,0.017,0.017,0.027,0.028,0.028,0.027,0.021,0.028,0.0229,0.024
ore_ont_6401.owl,0.073,0.062,0.063,0.062,0.063,0.062,0.062,0.062,0.063,0.063,0.0635,0.0625
ore_ont_13413.owl,0.036,0.034,0.033,0.035,0.033,0.034,0.034,0.034,0.033,0.034,0.034,0.034
ore_ont_6923.owl,0.02,0.015,0.016,0.015,0.015,0.015,0.015,0.015,0.015,0.015,0.0156,0.015
ore_ont_7007.owl,org.semanticweb.owlapi.reasoner.ReasonerInternalException: Unsupported datatype 'http://www.w3.org/2001/XMLSchema#unsignedLong'
ore_ont_14370.owl,0.03,0.029,0.029,0.032,0.029,0.029,0.029,0.029,0.029,0.029,0.029400000000000003,0.029
ore_ont_5078.owl,0.042,0.038,0.038,0.039,0.038,0.037,0.037,0.037,0.037,0.038,0.0381,0.038
ore_ont_12965.owl,0.042,0.038,0.038,0.037,0.037,0.038,0.037,0.038,0.039,0.037,0.0381,0.038
ore_ont_7483.owl,0.009,0.007,0.007,0.006,0.006,0.006,0.007,0.007,0.006,0.006,0.0067,0.006500000000000001
ore_ont_8730.owl,0.017,0.008,0.008,0.012,0.009,0.008,0.008,0.008,0.008,0.009,0.0095,0.008
ore_ont_3503.owl,0.014,0.011,0.012,0.012,0.011,0.012,0.011,0.012,0.011,0.012,0.0118,0.012
ore_ont_10026.owl,0.014,0.007,0.007,0.008,0.007,0.007,0.007,0.007,0.007,0.007,0.0078000000000000005,0.007
ore_ont_14353.owl,0.012,0.009,0.009,0.009,0.01,0.009,0.009,0.009,0.009,0.009,0.009399999999999999,0.009
ore_ont_16056.owl,0.31,0.308,0.308,0.313,0.31,0.31,0.308,0.308,0.309,0.308,0.3092,0.3085
ore_ont_13405.owl,0.007,0.006,0.006,0.006,0.005,0.005,0.006,0.006,0.006,0.005,0.0058000000000000005,0.006
ore_ont_8640.owl,0.015,0.01,0.011,0.01,0.011,0.01,0.01,0.01,0.01,0.01,0.0107,0.01
ore_ont_15741.owl,0.133,0.128,0.127,0.13,0.126,0.128,0.127,0.128,0.127,0.127,0.1281,0.1275
ore_ont_14285.owl,org.semanticweb.owlapi.reasoner.InconsistentOntologyException: Inconsistent ontology
ore_ont_14667.owl,0.045,0.039,0.039,0.04,0.039,0.041,0.039,0.04,0.039,0.04,0.0401,0.0395
ore_ont_8744.owl,0.058,0.051,0.05,0.051,0.05,0.05,0.051,0.049,0.05,0.05,0.051000000000000004,0.05
ore_ont_1117.owl,0.026,0.018,0.018,0.017,0.018,0.017,0.017,0.018,0.018,0.017,0.0184,0.018
ore_ont_9947.owl,0.311,0.285,0.285,0.285,0.281,0.284,0.282,0.287,0.287,0.286,0.2873,0.285
ore_ont_3545.owl,0.012,0.009,0.009,0.009,0.01,0.01,0.01,0.01,0.01,0.01,0.009899999999999999,0.01
ore_ont_7778.owl,0.024,0.017,0.016,0.017,0.016,0.016,0.016,0.017,0.016,0.016,0.0171,0.016
ore_ont_6817.owl,0.027,0.021,0.021,0.02,0.021,0.021,0.021,0.021,0.021,0.021,0.021500000000000002,0.021
ore_ont_14912.owl,0.072,0.037,0.038,0.037,0.037,0.037,0.037,0.037,0.037,0.038,0.0407,0.037
ore_ont_9248.owl,0.026,0.022,0.022,0.023,0.023,0.022,0.023,0.022,0.022,0.022,0.022699999999999998,0.022
ore_ont_7817.owl,0.028,0.023,0.024,0.024,0.023,0.023,0.024,0.022,0.023,0.023,0.0237,0.023
ore_ont_6727.owl,0.029,0.024,0.023,0.023,0.024,0.024,0.023,0.024,0.024,0.023,0.0241,0.024
ore_ont_12325.owl,0.029,0.024,0.024,0.025,0.024,0.025,0.025,0.024,0.024,0.024,0.024800000000000003,0.024
ore_ont_5149.owl,0.078,0.074,0.074,0.073,0.073,0.072,0.072,0.073,0.073,0.073,0.0735,0.073
ore_ont_2749.owl,org.semanticweb.owlapi.reasoner.ReasonerInternalException: Unsupported datatype 'http://www.w3.org/2001/XMLSchema#unsignedLong'
ore_ont_8940.owl,0.079,0.068,0.068,0.069,0.068,0.068,0.067,0.068,0.068,0.067,0.069,0.068
ore_ont_7108.owl,0.043,0.027,0.027,0.027,0.028,0.027,0.026,0.026,0.026,0.026,0.0283,0.027
ore_ont_11635.owl,0.129,0.117,0.117,0.118,0.115,0.116,0.115,0.114,0.114,0.116,0.11710000000000001,0.116
ore_ont_572.owl,0.025,0.022,0.019,0.023,0.02,0.02,0.02,0.02,0.02,0.02,0.020900000000000002,0.02
ore_ont_3916.owl,org.semanticweb.owlapi.reasoner.ReasonerInternalException: Unsupported datatype 'http://www.w3.org/2001/XMLSchema#unsignedLong'
ore_ont_4903.owl,0.86,0.855,0.847,0.848,0.848,0.846,0.846,0.85,0.852,0.848,0.85,0.848
ore_ont_12916.owl,0.036,0.032,0.031,0.032,0.032,0.031,0.031,0.03,0.031,0.031,0.0317,0.031
ore_ont_7743.owl,0.052,0.04,0.041,0.041,0.04,0.04,0.041,0.04,0.04,0.04,0.0415,0.04
ore_ont_13837.owl,1.977,1.97,1.974,1.995,1.983,1.983,1.98,1.977,1.977,1.98,1.9796,1.9785
ore_ont_7680.owl,0.75,0.74,0.746,0.738,0.747,0.741,0.746,0.75,0.75,0.746,0.7454,0.746
ore_ont_6822.owl,23.543,23.472,23.557,23.503,23.588,23.61,23.655,23.6,23.762,23.649,23.5939,23.594
ore_ont_6146.owl,0.095,0.084,0.084,0.082,0.081,0.082,0.082,0.082,0.082,0.083,0.0837,0.082
ore_ont_928.owl,11.159,11.173,11.166,11.186,11.157,11.21,11.179,11.178,11.183,11.186,11.1777,11.1785
ore_ont_13755.owl,1.208,1.203,1.198,1.204,1.205,1.299,1.197,1.195,1.192,1.2,1.2101,1.2015
ore_ont_9053.owl,1.697,1.668,1.665,1.676,1.656,1.669,1.66,1.668,1.657,1.66,1.6676,1.6665
ore_ont_3381.owl,0.048,0.042,0.041,0.04,0.04,0.04,0.04,0.039,0.04,0.04,0.041,0.04
ore_ont_399.owl,0.047,0.042,0.042,0.045,0.042,0.041,0.041,0.041,0.04,0.04,0.0421,0.0415
ore_ont_13139.owl,0.066,0.051,0.051,0.055,0.052,0.053,0.053,0.051,0.052,0.05,0.053399999999999996,0.052
ore_ont_14860.owl,0.086,0.075,0.074,0.079,0.073,0.074,0.073,0.072,0.074,0.074,0.0754,0.074
ore_ont_11910.owl,0.069,0.054,0.055,0.054,0.055,0.054,0.055,0.054,0.054,0.053,0.0557,0.054
ore_ont_9249.owl,0.826,0.824,0.829,0.829,0.843,0.829,0.837,0.828,0.833,0.829,0.8307,0.829
ore_ont_11626.owl,0.068,0.061,0.061,0.062,0.06,0.061,0.061,0.062,0.061,0.06,0.0617,0.061
ore_ont_8933.owl,0.093,0.078,0.079,0.079,0.076,0.077,0.076,0.076,0.076,0.076,0.0786,0.0765
ore_ont_7372.owl,0.094,0.076,0.076,0.08,0.077,0.079,0.077,0.075,0.077,0.076,0.07869999999999999,0.077
ore_ont_14863.owl,0.12,0.103,0.104,0.102,0.104,0.1,0.1,0.102,0.102,0.102,0.10389999999999999,0.102
ore_ont_1065.owl,0.046,0.034,0.034,0.033,0.034,0.034,0.034,0.033,0.034,0.033,0.0349,0.034
ore_ont_5669.owl,0.148,0.135,0.132,0.132,0.132,0.128,0.129,0.132,0.132,0.13,0.133,0.132
ore_ont_16509.owl,0.139,0.122,0.121,0.121,0.121,0.12,0.122,0.129,0.121,0.119,0.1235,0.121
ore_ont_7180.owl,0.141,0.13,0.13,0.127,0.13,0.127,0.127,0.128,0.13,0.127,0.1297,0.129
ore_ont_12000.owl,0.093,0.081,0.082,0.083,0.082,0.084,0.081,0.082,0.083,0.081,0.0832,0.082
ore_ont_16547.owl,0.098,0.084,0.086,0.085,0.085,0.086,0.086,0.083,0.086,0.086,0.0865,0.086
ore_ont_15184.owl,0.074,0.054,0.054,0.052,0.053,0.053,0.053,0.052,0.052,0.053,0.055,0.053
ore_ont_13857.owl,0.069,0.054,0.053,0.053,0.054,0.053,0.053,0.054,0.053,0.053,0.0549,0.053
ore_ont_14593.owl,0.077,0.054,0.054,0.053,0.055,0.052,0.052,0.052,0.052,0.054,0.0555,0.0535
ore_ont_9382.owl,0.079,0.054,0.053,0.054,0.052,0.052,0.054,0.054,0.052,0.052,0.0556,0.0535
ore_ont_9558.owl,0.07,0.055,0.053,0.053,0.052,0.053,0.054,0.053,0.053,0.053,0.0549,0.053
ore_ont_9758.owl,0.093,0.054,0.053,0.052,0.051,0.053,0.051,0.052,0.052,0.052,0.056299999999999996,0.052
ore_ont_6815.owl,0.067,0.054,0.054,0.053,0.052,0.052,0.053,0.053,0.052,0.053,0.0543,0.053
ore_ont_2531.owl,0.069,0.054,0.055,0.054,0.053,0.052,0.052,0.052,0.052,0.053,0.054599999999999996,0.053
ore_ont_14331.owl,0.083,0.054,0.055,0.053,0.053,0.053,0.053,0.053,0.053,0.053,0.0563,0.053
ore_ont_253.owl,0.241,0.228,0.224,0.224,0.224,0.223,0.222,0.226,0.228,0.224,0.2264,0.224
ore_ont_10423.owl,0.069,0.058,0.054,0.054,0.053,0.054,0.054,0.053,0.053,0.053,0.0555,0.054
ore_ont_6354.owl,0.172,0.158,0.158,0.157,0.158,0.162,0.157,0.158,0.159,0.157,0.1596,0.158
ore_ont_4260.owl,0.117,0.102,0.101,0.099,0.098,0.099,0.1,0.099,0.1,0.1,0.1015,0.1
ore_ont_15917.owl,0.539,0.537,0.5,0.497,0.5,0.499,0.496,0.502,0.513,0.508,0.5091,0.501
ore_ont_15341.owl,0.519,0.517,0.522,0.511,0.511,0.535,0.546,0.513,0.503,0.511,0.5188,0.515
ore_ont_13840.owl,0.53,0.551,0.55,0.547,0.534,0.534,0.535,0.536,0.539,0.537,0.5393,0.5365
ore_ont_1539.owl,0.075,0.055,0.055,0.053,0.053,0.053,0.053,0.065,0.055,0.057,0.0574,0.055
ore_ont_14255.owl,0.07,0.054,0.055,0.057,0.054,0.053,0.052,0.051,0.052,0.053,0.055099999999999996,0.0535
ore_ont_8326.owl,0.069,0.054,0.054,0.055,0.053,0.053,0.052,0.053,0.053,0.053,0.0549,0.053
ore_ont_10588.owl,0.07,0.055,0.055,0.054,0.054,0.053,0.053,0.055,0.054,0.053,0.0556,0.054
ore_ont_8684.owl,0.07,0.053,0.055,0.054,0.054,0.053,0.053,0.053,0.053,0.054,0.0552,0.0535
ore_ont_13150.owl,0.069,0.055,0.054,0.053,0.053,0.053,0.054,0.053,0.054,0.053,0.055099999999999996,0.0535
ore_ont_259.owl,0.07,0.054,0.056,0.054,0.053,0.056,0.054,0.054,0.054,0.053,0.0558,0.054
ore_ont_4162.owl,0.069,0.056,0.055,0.053,0.054,0.054,0.053,0.053,0.053,0.054,0.0554,0.054
ore_ont_8359.owl,0.07,0.055,0.054,0.053,0.054,0.054,0.052,0.052,0.053,0.053,0.055,0.0535
ore_ont_8286.owl,0.069,0.054,0.054,0.056,0.053,0.054,0.054,0.055,0.053,0.055,0.0557,0.054
ore_ont_4515.owl,0.069,0.055,0.055,0.053,0.053,0.052,0.053,0.054,0.054,0.053,0.055099999999999996,0.0535
ore_ont_12884.owl,0.07,0.056,0.054,0.054,0.054,0.054,0.055,0.053,0.054,0.053,0.0557,0.054
ore_ont_16565.owl,0.07,0.057,0.054,0.053,0.054,0.054,0.053,0.056,0.054,0.054,0.0559,0.054
ore_ont_4581.owl,0.068,0.055,0.055,0.056,0.054,0.054,0.053,0.053,0.055,0.053,0.0556,0.0545
ore_ont_9186.owl,0.069,0.055,0.057,0.054,0.054,0.054,0.053,0.052,0.055,0.054,0.0557,0.054
ore_ont_15352.owl,0.069,0.054,0.055,0.055,0.053,0.053,0.053,0.052,0.054,0.054,0.0552,0.054
ore_ont_8171.owl,0.069,0.055,0.056,0.055,0.055,0.054,0.054,0.054,0.054,0.054,0.056,0.0545
ore_ont_5543.owl,0.071,0.057,0.054,0.056,0.054,0.054,0.054,0.056,0.055,0.054,0.0565,0.0545
ore_ont_9037.owl,0.07,0.057,0.054,0.056,0.054,0.056,0.054,0.053,0.054,0.053,0.0561,0.054
ore_ont_7775.owl,0.325,0.313,0.31,0.308,0.308,0.307,0.31,0.31,0.309,0.311,0.3111,0.31
ore_ont_12474.owl,0.069,0.056,0.056,0.054,0.053,0.054,0.054,0.053,0.054,0.054,0.0557,0.054
ore_ont_13700.owl,0.309,0.291,0.29,0.291,0.29,0.291,0.29,0.291,0.294,0.295,0.29319999999999996,0.291
ore_ont_13851.owl,0.11,0.08,0.075,0.075,0.075,0.076,0.076,0.074,0.074,0.074,0.0789,0.075
ore_ont_14919.owl,0.068,0.056,0.057,0.058,0.055,0.055,0.053,0.055,0.054,0.053,0.0564,0.055
ore_ont_8668.owl,0.09,0.078,0.076,0.076,0.075,0.075,0.076,0.075,0.075,0.077,0.0773,0.076
ore_ont_11696.owl,0.088,0.076,0.076,0.076,0.074,0.075,0.074,0.074,0.075,0.074,0.07619999999999999,0.075
ore_ont_16017.owl,0.089,0.077,0.08,0.076,0.076,0.076,0.077,0.077,0.078,0.078,0.0784,0.077
ore_ont_14183.owl,0.086,0.075,0.074,0.073,0.074,0.073,0.073,0.072,0.073,0.073,0.0746,0.073
ore_ont_6847.owl,0.087,0.076,0.075,0.075,0.075,0.075,0.076,0.076,0.078,0.076,0.0769,0.076
ore_ont_4958.owl,0.087,0.078,0.075,0.073,0.073,0.077,0.074,0.072,0.075,0.073,0.07569999999999999,0.0745
ore_ont_4429.owl,0.072,0.057,0.055,0.055,0.055,0.058,0.056,0.055,0.055,0.056,0.0574,0.0555
ore_ont_10058.owl,0.088,0.078,0.075,0.075,0.074,0.074,0.076,0.076,0.077,0.076,0.0769,0.076
ore_ont_3584.owl,0.071,0.057,0.055,0.055,0.054,0.055,0.056,0.055,0.056,0.055,0.0569,0.055
ore_ont_4188.owl,0.09,0.078,0.076,0.075,0.075,0.074,0.075,0.073,0.074,0.076,0.0766,0.075
ore_ont_4770.owl,0.088,0.078,0.076,0.077,0.076,0.075,0.077,0.077,0.077,0.074,0.0775,0.077
ore_ont_7084.owl,0.069,0.057,0.055,0.054,0.053,0.054,0.055,0.054,0.054,0.055,0.056,0.0545
ore_ont_11289.owl,0.085,0.075,0.077,0.074,0.075,0.075,0.075,0.075,0.073,0.073,0.0757,0.075
ore_ont_11948.owl,0.086,0.077,0.076,0.073,0.073,0.079,0.074,0.075,0.075,0.073,0.0761,0.075
ore_ont_8719.owl,0.069,0.058,0.056,0.056,0.056,0.056,0.055,0.054,0.054,0.055,0.0569,0.056
ore_ont_14878.owl,0.088,0.077,0.074,0.075,0.073,0.074,0.075,0.074,0.074,0.076,0.076,0.0745
ore_ont_4092.owl,0.092,0.077,0.075,0.073,0.073,0.073,0.074,0.073,0.074,0.074,0.07579999999999999,0.074
ore_ont_15355.owl,0.07,0.057,0.055,0.056,0.057,0.057,0.055,0.055,0.055,0.053,0.057,0.0555
ore_ont_5298.owl,0.097,0.077,0.078,0.075,0.076,0.076,0.076,0.076,0.075,0.079,0.0785,0.076
ore_ont_14237.owl,0.084,0.076,0.075,0.074,0.076,0.076,0.075,0.073,0.075,0.076,0.076,0.0755
ore_ont_13679.owl,0.077,0.056,0.056,0.055,0.056,0.057,0.055,0.054,0.055,0.055,0.0576,0.0555
ore_ont_7537.owl,0.087,0.08,0.078,0.079,0.078,0.08,0.076,0.076,0.076,0.077,0.07869999999999999,0.078
ore_ont_5398.owl,0.089,0.079,0.079,0.081,0.077,0.077,0.078,0.078,0.076,0.076,0.079,0.078
ore_ont_336.owl,0.087,0.079,0.077,0.075,0.077,0.077,0.075,0.075,0.076,0.077,0.0775,0.077
ore_ont_9534.owl,0.081,0.057,0.057,0.058,0.058,0.057,0.057,0.057,0.059,0.057,0.0598,0.057
ore_ont_14286.owl,0.115,0.098,0.1,0.097,0.098,0.098,0.098,0.099,0.098,0.099,0.1,0.098
ore_ont_2213.owl,0.073,0.059,0.057,0.063,0.057,0.058,0.057,0.059,0.058,0.058,0.0599,0.058
ore_ont_11989.owl,0.071,0.056,0.056,0.054,0.055,0.055,0.055,0.055,0.057,0.057,0.0571,0.0555
ore_ont_12468.owl,0.084,0.06,0.057,0.056,0.056,0.057,0.054,0.055,0.056,0.055,0.059000000000000004,0.056
ore_ont_13674.owl,0.073,0.057,0.057,0.056,0.059,0.056,0.055,0.055,0.055,0.055,0.0578,0.056
ore_ont_9896.owl,0.573,0.556,0.553,0.557,0.559,0.551,0.56,0.559,0.566,0.562,0.5596,0.559
ore_ont_3771.owl,0.009,0.007,0.007,0.009,0.008,0.006,0.007,0.007,0.007,0.007,0.0074,0.007
ore_ont_891.owl,0.087,0.077,0.076,0.075,0.074,0.073,0.074,0.073,0.074,0.073,0.0756,0.074
ore_ont_10892.owl,0.094,0.081,0.078,0.078,0.078,0.077,0.078,0.077,0.08,0.081,0.0802,0.078
ore_ont_4423.owl,0.087,0.077,0.077,0.075,0.075,0.075,0.073,0.075,0.075,0.075,0.0764,0.075
ore_ont_1062.owl,0.085,0.078,0.077,0.075,0.075,0.077,0.075,0.075,0.075,0.073,0.0765,0.075
ore_ont_14367.owl,0.09,0.074,0.072,0.071,0.07,0.073,0.07,0.072,0.072,0.071,0.0735,0.072
ore_ont_8688.owl,0.087,0.072,0.077,0.074,0.073,0.072,0.07,0.072,0.07,0.072,0.0739,0.072
ore_ont_6892.owl,0.073,0.058,0.057,0.054,0.056,0.056,0.055,0.056,0.057,0.055,0.0577,0.056
ore_ont_7015.owl,0.118,0.099,0.1,0.099,0.096,0.097,0.097,0.1,0.1,0.097,0.1003,0.099
ore_ont_13078.owl,0.283,0.271,0.271,0.269,0.269,0.269,0.271,0.269,0.268,0.271,0.2711,0.27
ore_ont_7188.owl,0.283,0.269,0.264,0.266,0.266,0.265,0.266,0.265,0.266,0.266,0.2676,0.266
ore_ont_15013.owl,0.098,0.086,0.087,0.086,0.086,0.083,0.085,0.085,0.086,0.084,0.0866,0.086
ore_ont_4587.owl,0.095,0.086,0.084,0.087,0.082,0.084,0.083,0.082,0.083,0.083,0.0849,0.0835
ore_ont_13336.owl,0.208,0.191,0.192,0.194,0.184,0.186,0.185,0.182,0.184,0.183,0.1889,0.1855
ore_ont_12152.owl,0.306,0.292,0.292,0.292,0.291,0.292,0.292,0.297,0.291,0.293,0.2938,0.292
ore_ont_10481.owl,0.32,0.296,0.293,0.293,0.3,0.295,0.296,0.294,0.292,0.295,0.2974,0.295
ore_ont_16759.owl,0.322,0.307,0.306,0.311,0.313,0.314,0.304,0.301,0.304,0.305,0.3087,0.3065
ore_ont_16124.owl,0.314,0.307,0.302,0.302,0.308,0.301,0.302,0.305,0.305,0.305,0.3051,0.305
ore_ont_1469.owl,0.297,0.284,0.283,0.285,0.284,0.282,0.288,0.284,0.286,0.284,0.28569999999999995,0.284
ore_ont_11124.owl,Timeout
ore_ont_11131.owl,0.552,0.527,0.545,0.546,0.55,0.547,0.55,0.548,0.546,0.546,0.5457000000000001,0.5465
ore_ont_4182.owl,11.72,11.674,11.646,11.667,11.677,11.645,11.671,11.653,11.678,11.658,11.6689,11.669
ore_ont_11305.owl,org.semanticweb.owlapi.reasoner.InconsistentOntologyException: Inconsistent ontology
ore_ont_1965.owl,0.322,0.31,0.309,0.312,0.32,0.318,0.318,0.32,0.319,0.322,0.317,0.3185
ore_ont_15475.owl,0.329,0.329,0.323,0.326,0.324,0.326,0.326,0.311,0.315,0.315,0.3224,0.325
ore_ont_8844.owl,0.408,0.413,0.411,0.408,0.414,0.421,0.414,0.413,0.425,0.415,0.41419999999999996,0.4135
ore_ont_14191.owl,0.414,0.404,0.405,0.407,0.404,0.395,0.392,0.39,0.396,0.393,0.4,0.4
ore_ont_9800.owl,org.semanticweb.owlapi.reasoner.ReasonerInternalException: Unsupported datatype 'http://www.w3.org/2001/XMLSchema#unsignedLong'
ore_ont_4780.owl,0.448,0.438,0.444,0.439,0.441,0.437,0.439,0.438,0.442,0.441,0.4407,0.44
ore_ont_3839.owl,0.05,0.062,0.038,0.037,0.038,0.037,0.037,0.036,0.037,0.037,0.0409,0.037
ore_ont_9257.owl,0.049,0.038,0.037,0.037,0.039,0.037,0.037,0.037,0.037,0.037,0.0385,0.037
ore_ont_10608.owl,0.123,0.105,0.106,0.108,0.102,0.102,0.101,0.104,0.102,0.102,0.1055,0.103
ore_ont_10991.owl,0.118,0.103,0.103,0.102,0.101,0.099,0.101,0.101,0.104,0.1,0.1032,0.1015
ore_ont_14258.owl,0.163,0.131,0.13,0.132,0.129,0.128,0.126,0.127,0.131,0.128,0.1325,0.1295
ore_ont_7488.owl,0.097,0.076,0.076,0.079,0.076,0.073,0.073,0.075,0.075,0.074,0.0774,0.0755
ore_ont_13124.owl,0.179,0.167,0.164,0.169,0.162,0.165,0.17,0.167,0.162,0.165,0.167,0.166
ore_ont_5841.owl,0.223,0.222,0.214,0.212,0.209,0.209,0.216,0.211,0.213,0.216,0.2145,0.2135
ore_ont_7195.owl,0.182,0.157,0.153,0.151,0.147,0.148,0.152,0.15,0.147,0.151,0.1538,0.151
ore_ont_16453.owl,1.044,1.033,1.029,1.022,1.024,1.103,1.104,1.106,1.105,1.109,1.0679,1.0735000000000001
ore_ont_13949.owl,0.181,0.164,0.159,0.156,0.157,0.157,0.162,0.157,0.157,0.156,0.1606,0.157
ore_ont_15921.owl,0.148,0.138,0.137,0.139,0.138,0.138,0.14,0.138,0.138,0.139,0.1393,0.138
ore_ont_5492.owl,0.097,0.075,0.075,0.075,0.073,0.074,0.074,0.075,0.075,0.074,0.07669999999999999,0.075
ore_ont_1112.owl,0.097,0.076,0.075,0.08,0.076,0.074,0.078,0.074,0.075,0.074,0.0779,0.0755
ore_ont_12665.owl,0.121,0.097,0.098,0.099,0.095,0.099,0.098,0.098,0.097,0.098,0.1,0.098
ore_ont_9881.owl,12.517,12.732,12.781,12.796,12.751,12.847,12.815,12.701,12.725,12.673,12.7338,12.741499999999998
ore_ont_11411.owl,12.377,12.448,12.458,12.561,12.487,12.776,12.877,12.749,12.828,12.783,12.6344,12.655000000000001
ore_ont_10197.owl,12.748,12.812,12.759,12.839,12.88,12.748,12.774,12.845,12.728,12.748,12.7881,12.7665
ore_ont_9386.owl,Timeout
ore_ont_16750.owl,3.776,3.77,3.768,3.784,3.736,3.808,3.776,3.749,3.756,3.773,3.7696,3.7715
ore_ont_950.owl,3.665,3.694,3.704,3.694,3.709,3.662,3.694,3.688,3.724,3.756,3.699,3.694
ore_ont_13991.owl,org.semanticweb.owlapi.reasoner.ReasonerInternalException: Unsupported datatype 'http://www.vistology.com/ont/2006/JC3IEDM3.0/JC3IEDM-Attributes.owl#AnchorageBottomTypeCode'
ore_ont_7203.owl,107.174,109.261,108.334,108.546,108.495,107.895,108.705,108.381,107.742,108.779,108.3312,108.438
ore_ont_9596.owl,0.15,0.139,0.14,0.139,0.132,0.134,0.137,0.13,0.131,0.132,0.13640000000000002,0.1355
ore_ont_4609.owl,Timeout
ore_ont_15680.owl,Timeout
ore_ont_8627.owl,18.424,18.423,18.674,18.924,18.859,18.544,18.35,18.348,18.352,18.251,18.5149,18.423499999999997
ore_ont_3781.owl,0.928,0.916,0.91,0.913,0.908,0.914,0.919,0.916,0.913,0.916,0.9153,0.915
ore_ont_7356.owl,0.856,0.863,0.859,0.858,0.862,0.86,0.86,0.864,0.866,0.862,0.861,0.861
ore_ont_10425.owl,0.064,0.053,0.055,0.053,0.051,0.05,0.051,0.048,0.048,0.048,0.0521,0.051
ore_ont_4567.owl,1.945,1.927,1.916,1.916,1.921,1.922,1.907,1.905,1.906,1.914,1.9179,1.916
ore_ont_10384.owl,0.275,0.252,0.243,0.249,0.249,0.254,0.249,0.254,0.253,0.256,0.2534,0.2525
ore_ont_2624.owl,0.276,0.255,0.248,0.247,0.25,0.244,0.244,0.243,0.246,0.246,0.2499,0.2465
ore_ont_22.owl,1.613,1.613,1.599,1.592,1.6,1.586,1.589,1.596,1.6,1.594,1.5982,1.5975000000000001
ore_ont_8705.owl,0.705,0.713,0.716,0.707,0.704,0.712,0.716,0.71,0.721,0.699,0.7102999999999999,0.711
ore_ont_2578.owl,0.695,0.688,0.686,0.678,0.684,0.682,0.677,0.672,0.686,0.692,0.684,0.685
ore_ont_3516.owl,0.115,0.108,0.11,0.11,0.104,0.105,0.105,0.105,0.103,0.105,0.107,0.105
ore_ont_15063.owl,1.018,1.012,1.016,1.019,1.009,1.019,1.016,1.02,1.021,1.014,1.0164,1.017
ore_ont_8779.owl,0.237,0.23,0.228,0.23,0.23,0.229,0.231,0.228,0.23,0.23,0.2303,0.23
ore_ont_8882.owl,9.669,9.449,9.424,9.531,9.51,9.509,9.426,9.437,9.453,9.474,9.488199999999999,9.4635
ore_ont_7345.owl,0.064,0.055,0.055,0.055,0.051,0.052,0.051,0.05,0.052,0.051,0.0536,0.052
ore_ont_9303.owl,org.semanticweb.owlapi.reasoner.InconsistentOntologyException: Inconsistent ontology
ore_ont_2792.owl,1.56,1.522,1.53,1.522,1.526,1.518,1.52,1.529,1.535,1.52,1.5282,1.524
ore_ont_5721.owl,0.539,0.542,0.539,0.539,0.544,0.54,0.54,0.54,0.538,0.539,0.54,0.5395000000000001
ore_ont_802.owl,0.242,0.234,0.234,0.231,0.232,0.232,0.231,0.233,0.231,0.231,0.2331,0.232
ore_ont_15871.owl,0.058,0.052,0.051,0.051,0.051,0.05,0.05,0.051,0.052,0.05,0.0516,0.051
ore_ont_205.owl,622.926,626.717,627.922,626.023,628.459,625.072,624.756,628.499,625.283,626.848,626.2505,626.37
ore_ont_13082.owl,0.121,0.112,0.112,0.107,0.105,0.104,0.108,0.108,0.11,0.108,0.1095,0.108
ore_ont_4639.owl,0.184,0.163,0.162,0.158,0.156,0.157,0.155,0.155,0.154,0.158,0.1602,0.1575
ore_ont_7251.owl,4.042,4.109,4.134,4.134,4.091,4.097,4.087,4.086,4.127,4.109,4.1016,4.103
ore_ont_10949.owl,2.425,2.428,2.424,2.445,2.427,2.466,2.437,2.433,2.432,2.446,2.4363,2.4325
ore_ont_8148.owl,2.101,2.072,2.068,2.06,2.057,2.054,2.066,2.072,2.06,2.107,2.0717,2.067
ore_ont_6792.owl,24.866,24.294,25.592,26.123,26.284,26.838,26.362,25.355,24.946,24.581,25.5241,25.4735
ore_ont_1767.owl,0.637,0.594,0.582,0.579,0.585,0.582,0.582,0.583,0.583,0.58,0.5887,0.5825
ore_ont_12191.owl,4.396,4.303,4.334,4.317,4.328,4.344,4.356,4.343,4.339,4.361,4.3421,4.341
ore_ont_3562.owl,5.169,5.182,5.171,5.173,5.167,5.163,5.171,5.184,5.218,5.166,5.1764,5.171
ore_ont_668.owl,0.21,0.192,0.185,0.189,0.182,0.182,0.184,0.188,0.184,0.182,0.1878,0.1845
ore_ont_8989.owl,org.semanticweb.owlapi.reasoner.ReasonerInternalException: Unsupported datatype 'http://www.w3.org/2001/XMLSchema#unsignedLong'
ore_ont_4127.owl,0.196,0.177,0.168,0.172,0.166,0.17,0.172,0.165,0.17,0.169,0.17250000000000001,0.17
ore_ont_13690.owl,0.691,0.7,0.689,0.68,0.694,0.677,0.66,0.68,0.686,0.662,0.6819,0.683
ore_ont_4662.owl,10.453,11.202,11.325,11.153,11.39,12.145,11.76,12.017,11.653,11.51,11.460799999999999,11.45
ore_ont_257.owl,0.399,0.379,0.379,0.373,0.377,0.37,0.373,0.373,0.373,0.372,0.3768,0.373
ore_ont_13230.owl,0.418,0.4,0.387,0.388,0.379,0.387,0.389,0.388,0.393,0.384,0.3913,0.388
ore_ont_12284.owl,4.546,4.629,4.633,4.546,4.564,4.564,4.619,4.66,4.679,4.692,4.6132,4.624
ore_ont_11126.owl,org.semanticweb.owlapi.reasoner.InconsistentOntologyException: Inconsistent ontology
ore_ont_2719.owl,4.721,5.117,5.0,4.999,5.022,5.046,5.091,5.096,5.033,4.765,4.989,5.0275
ore_ont_9792.owl,0.975,0.966,0.964,0.965,0.963,0.967,0.967,0.966,0.967,0.964,0.9663999999999999,0.966
ore_ont_10080.owl,Timeout
ore_ont_8792.owl,0.278,0.24,0.236,0.23,0.235,0.231,0.236,0.23,0.232,0.244,0.2392,0.2355
ore_ont_10951.owl,114.842,116.308,117.883,117.329,117.782,117.643,117.688,116.808,119.959,117.933,117.4175,117.66550000000001
ore_ont_5548.owl,Timeout
ore_ont_1743.owl,5.082,4.957,4.959,4.954,5.123,4.944,4.853,4.831,4.796,4.806,4.9305,4.949
ore_ont_5368.owl,0.71,0.69,0.683,0.675,0.68,0.682,0.684,0.681,0.686,0.679,0.685,0.6825000000000001
ore_ont_9577.owl,45.3,45.284,46.319,46.461,46.745,47.715,47.962,47.394,47.419,47.719,46.8318,47.0695
ore_ont_4775.owl,651.087,649.963,654.715,653.882,660.591,660.946,684.875,661.571,654.266,653.587,658.5483,654.4905
ore_ont_13052.owl,org.semanticweb.owlapi.reasoner.InconsistentOntologyException: Inconsistent ontology
ore_ont_9739.owl,65.076,67.005,66.914,67.424,66.886,66.865,67.279,66.427,66.51,66.242,66.6628,66.87549999999999
ore_ont_239.owl,65.119,66.435,66.58,66.687,67.48,66.331,66.553,66.645,66.755,66.288,66.4873,66.56649999999999
ore_ont_8441.owl,7.066,7.04,7.121,7.124,7.183,7.136,7.226,7.24,7.257,7.266,7.1659,7.1594999999999995
ore_ont_7174.owl,7.426,7.382,7.423,7.407,7.47,7.356,7.356,7.235,7.205,7.205,7.3465,7.369
ore_ont_1954.owl,0.084,0.068,0.065,0.069,0.066,0.065,0.066,0.065,0.067,0.066,0.06810000000000001,0.066
ore_ont_11282.owl,1.522,1.498,1.505,1.437,1.437,1.431,1.439,1.433,1.435,1.437,1.4574,1.437
ore_ont_7706.owl,17.767,18.056,17.64,17.713,17.717,17.45,17.876,18.086,18.831,18.087,17.9223,17.8215
ore_ont_16542.owl,39.704,39.86,41.931,40.217,39.805,40.072,39.606,39.942,40.948,39.44,40.1525,39.900999999999996
ore_ont_14223.owl,0.755,0.748,0.756,0.747,0.758,0.749,0.754,0.764,0.764,0.757,0.7552,0.7555000000000001
ore_ont_11085.owl,0.533,0.456,0.452,0.448,0.453,0.457,0.457,0.448,0.451,0.455,0.461,0.454
ore_ont_12452.owl,0.695,0.629,0.636,0.638,0.644,0.633,0.638,0.636,0.64,0.632,0.6421,0.637
ore_ont_9694.owl,39.637,40.307,41.243,40.048,39.068,40.192,40.74,39.272,40.083,39.092,39.9682,40.0655
ore_ont_14897.owl,Timeout
ore_ont_1330.owl,Timeout
ore_ont_12992.owl,19.034,20.474,20.771,21.074,20.503,21.584,21.59,20.583,19.772,19.888,20.5273,20.543
ore_ont_9684.owl,Timeout
ore_ont_10391.owl,4.473,4.47,4.475,4.517,4.491,4.476,4.501,4.499,4.533,4.498,4.4933,4.4945
ore_ont_13526.owl,4.532,4.507,4.494,4.646,4.644,4.666,4.675,4.642,4.661,4.696,4.6163,4.645
ore_ont_8480.owl,Timeout
ore_ont_13233.owl,Timeout
ore_ont_4049.owl,org.semanticweb.owlapi.reasoner.ReasonerInternalException: Unsupported datatype 'http://dbpedia.org/datatype/usDollar'
ore_ont_6444.owl,320.115,333.223,334.587,321.419,318.147,319.187,318.349,317.409,316.704,335.281,323.4421,319.651
ore_ont_11311.owl,Timeout
ore_ont_16703.owl,5.623,5.504,5.446,5.535,5.533,5.535,5.498,5.5,5.495,5.479,5.5148,5.502
ore_ont_11597.owl,5.57,5.451,5.542,5.498,5.492,5.497,5.49,5.504,5.483,5.505,5.5032,5.4975000000000005
ore_ont_13359.owl,5.544,5.21,5.51,5.474,5.561,5.513,5.495,5.519,5.511,5.512,5.4849,5.5115
ore_ont_7401.owl,27.884,27.954,28.191,28.36,28.088,27.763,27.676,27.648,27.651,29.623,28.0838,27.919
ore_ont_1833.owl,0.788,0.732,0.74,0.742,0.742,0.75,0.734,0.74,0.742,0.753,0.7463,0.742
ore_ont_1115.owl,4.164,4.046,4.051,4.059,4.014,4.003,3.973,4.008,4.039,4.015,4.0372,4.026999999999999
ore_ont_6478.owl,4.624,4.456,4.434,4.435,4.442,4.416,4.407,4.414,4.421,4.404,4.4453,4.4275
ore_ont_9347.owl,1.095,1.038,1.057,1.049,1.042,1.085,1.077,1.081,1.076,1.07,1.067,1.073
ore_ont_13684.owl,Timeout
ore_ont_14909.owl,15.224,16.139,16.101,16.061,15.054,15.09,15.158,15.13,15.106,15.107,15.417,15.144
ore_ont_15991.owl,415.837,417.886,421.538,416.659,419.425,417.176,423.353,423.389,423.604,416.136,419.5003,418.6555
ore_ont_13136.owl,Timeout
ore_ont_1634.owl,Timeout
ore_ont_14012.owl,Timeout
ore_ont_5253.owl,8.246,8.059,8.02,8.042,8.047,8.077,8.077,8.055,8.036,8.08,8.0739,8.056999999999999
ore_ont_5193.owl,5.619,5.488,5.567,5.562,5.578,5.554,5.524,5.517,5.46,5.478,5.5347,5.539
ore_ont_5059.owl,3.554,3.807,3.844,4.088,4.097,4.111,4.119,4.109,4.114,4.142,3.9985,4.103
ore_ont_15536.owl,Timeout
ore_ont_10965.owl,10.74,10.886,10.879,10.918,10.885,10.937,10.912,10.964,10.899,10.919,10.8939,10.9055
ore_ont_1840.owl,10.656,11.0,10.902,10.886,10.842,10.905,10.884,10.932,10.783,10.836,10.8626,10.885
ore_ont_4141.owl,org.semanticweb.owlapi.reasoner.InconsistentOntologyException: Inconsistent ontology
ore_ont_11110.owl,4.697,5.427,5.447,5.461,5.436,5.474,5.471,5.558,5.473,5.463,5.3907,5.462
ore_ont_3737.owl,4.6,5.391,5.391,5.429,5.52,5.514,5.578,5.455,5.521,5.497,5.3896,5.476
ore_ont_191.owl,4.767,5.441,5.429,5.502,5.483,5.459,5.458,5.451,5.589,5.557,5.4136,5.4585
ore_ont_7389.owl,Timeout
ore_ont_5544.owl,1.984,1.949,1.916,1.931,1.951,1.946,2.046,2.059,1.951,1.955,1.9688,1.951
ore_ont_7416.owl,Timeout
ore_ont_7607.owl,2.211,2.226,2.235,2.229,2.227,2.247,2.238,2.258,2.254,2.247,2.2372,2.2365
ore_ont_5103.owl,Timeout
ore_ont_1966.owl,24.881,26.357,26.214,25.666,27.52,26.696,26.681,27.986,25.69,25.382,26.3073,26.2855
ore_ont_773.owl,113.162,113.915,112.913,116.838,113.44,116.396,115.779,118.476,116.499,110.187,114.7605,114.84700000000001
ore_ont_7803.owl,Error: 137
ore_ont_2291.owl,6.882,6.878,6.716,6.43,6.742,6.786,6.764,6.761,6.779,6.828,6.7566,6.7715
ore_ont_15557.owl,7.413,7.294,7.3,7.272,7.283,7.287,7.287,7.297,7.301,7.308,7.3042,7.2955
ore_ont_3954.owl,130.806,140.628,125.727,131.875,131.933,135.668,137.68,137.205,131.171,137.017,133.971,133.8005
ore_ont_14543.owl,7.736,7.599,7.586,7.771,7.753,7.762,7.689,7.684,7.683,7.727,7.699,7.708
ore_ont_6120.owl,4.703,5.577,5.583,5.247,5.508,5.521,5.513,5.273,5.537,5.56,5.4022,5.5169999999999995
ore_ont_5755.owl,148.728,144.889,151.566,145.249,152.878,150.292,152.353,149.244,152.564,148.657,149.642,149.768
ore_ont_9567.owl,134.048,136.82,143.976,140.787,142.172,144.578,141.919,144.329,143.548,141.452,141.3629,142.0455
ore_ont_15237.owl,Timeout
ore_ont_12448.owl,7.746,9.14,8.962,9.169,9.046,9.078,9.066,9.122,9.109,9.078,8.9516,9.078
ore_ont_9046.owl,10.707,10.842,10.857,11.084,10.894,10.89,10.872,10.883,10.872,10.953,10.8854,10.8775
ore_ont_14556.owl,1020.369,988.023,995.267,1010.071,984.091,1003.226,1004.258,1051.306,1008.012,988.995,1005.3618,1003.742
ore_ont_7914.owl,Timeout
ore_ont_13708.owl,org.semanticweb.owlapi.reasoner.InconsistentOntologyException: Inconsistent ontology
ore_ont_11457.owl,org.semanticweb.owlapi.reasoner.InconsistentOntologyException: Inconsistent ontology
ore_ont_16315.owl,Timeout
ore_ont_8723.owl,Timeout
ore_ont_16184.owl,org.semanticweb.owlapi.reasoner.InconsistentOntologyException: Inconsistent ontology
ore_ont_12522.owl,Timeout
ore_ont_1123.owl,Timeout
ore_ont_3873.owl,54.253,54.833,55.101,56.765,56.03,55.103,55.524,54.964,56.372,55.803,55.4748,55.313500000000005
ore_ont_5781.owl,118.24,117.459,121.77,115.901,113.319,115.762,119.836,119.527,119.009,115.239,117.6062,117.8495
ore_ont_16511.owl,4.232,4.198,4.208,4.167,4.164,4.192,4.177,4.435,4.176,4.21,4.2158999999999995,4.195
ore_ont_11207.owl,Timeout
ore_ont_6816.owl,7.46,8.741,9.082,9.149,9.055,9.198,9.081,9.086,9.023,9.079,8.8954,9.08
ore_ont_10127.owl,Timeout
ore_ont_8858.owl,139.497,138.499,143.108,135.537,135.414,142.752,142.249,138.982,139.612,140.708,139.6358,139.55450000000002
ore_ont_13928.owl,Timeout
ore_ont_8068.owl,Timeout
ore_ont_14221.owl,Timeout
ore_ont_2415.owl,19.255,22.945,22.991,23.415,23.309,23.211,23.12,23.012,23.197,23.154,22.7609,23.137
ore_ont_14601.owl,Timeout
ore_ont_10068.owl,Error: 139
ore_ont_12414.owl,24.22,26.651,26.159,26.463,26.65,26.61,26.64,26.638,26.605,26.807,26.3443,26.624000000000002
ore_ont_11053.owl,182.281,177.715,176.522,179.121,187.212,184.68,191.425,183.765,181.999,190.693,183.5413,183.023
ore_ont_16235.owl,Timeout
ore_ont_4033.owl,186.47,184.861,179.06,185.356,181.807,182.221,182.958,180.791,181.811,189.86,183.5195,182.5895
ore_ont_15687.owl,Timeout
ore_ont_16767.owl,Timeout
ore_ont_14742.owl,Error: 139
ore_ont_1043.owl,Timeout
ore_ont_955.owl,Timeout
ore_ont_13969.owl,6.055,5.961,6.072,5.948,6.051,5.971,5.921,5.937,5.89,5.875,5.9681,5.9545
ore_ont_12651.owl,6.094,5.95,6.031,5.891,5.929,5.812,5.879,5.764,5.841,5.765,5.8956,5.885
ore_ont_4744.owl,5.926,5.949,6.095,5.982,6.066,6.017,6.029,5.982,5.933,5.996,5.9975000000000005,5.989000000000001
ore_ont_3733.owl,6.454,6.535,6.773,6.407,5.802,6.208,6.297,6.365,5.993,6.315,6.3149,6.34
ore_ont_4054.owl,Timeout
ore_ont_5358.owl,Timeout
ore_ont_14355.owl,15.924,18.768,18.697,18.787,18.981,19.094,19.101,19.048,19.033,19.125,18.6558,19.007
ore_ont_15133.owl,15.926,19.027,19.536,19.033,19.088,18.979,18.974,19.229,19.355,19.306,18.8453,19.0605
ore_ont_11827.owl,16.244,19.624,18.905,18.816,18.653,18.679,18.729,18.734,18.681,18.705,18.576999999999998,18.717
ore_ont_16286.owl,35.251,50.346,37.776,39.529,41.382,38.922,39.394,38.385,38.435,37.36,39.678,38.6785
ore_ont_11287.owl,org.semanticweb.owlapi.reasoner.InconsistentOntologyException: Inconsistent ontology
ore_ont_14154.owl,Timeout
ore_ont_15725.owl,Timeout
ore_ont_11459.owl,6.381,6.388,6.368,6.13,6.25,6.283,6.227,6.118,6.152,6.137,6.2434,6.2385
ore_ont_6627.owl,Timeout
ore_ont_4242.owl,Timeout
ore_ont_8787.owl,Error: 139
ore_ont_1370.owl,Error: 139
ore_ont_4755.owl,Error: 139
ore_ont_14861.owl,Error: 139
ore_ont_15621.owl,Timeout
ore_ont_10838.owl,Timeout
ore_ont_318.owl,Error: 139
ore_ont_3087.owl,Timeout
ore_ont_10697.owl,Timeout
ore_ont_9767.owl,Error: 139
ore_ont_5418.owl,Error: 139
ore_ont_8194.owl,Error: 139
ore_ont_8475.owl,Timeout
ore_ont_2046.owl,674.461,663.207,667.422,686.92,648.171,711.483,697.661,700.97,780.755,678.311,690.9361,682.6155
ore_ont_1182.owl,Timeout
ore_ont_11745.owl,Error: 139
ore_ont_4557.owl,801.076,816.485,799.424,881.487,826.179,812.121,874.988,918.164,786.621,830.647,834.7192,821.332
ore_ont_11315.owl,Error: 139
ore_ont_11899.owl,Error: 139
ore_ont_9400.owl,Error: 139
ore_ont_5602.owl,1091.153,1104.837,1113.671,1012.03,1098.679,1052.039,1002.058,991.141,1042.019,996.427,1050.4054,1047.029
ore_ont_9768.owl,705.768,731.412,690.435,719.482,697.732,766.207,719.763,721.483,697.725,834.628,728.4635,719.6225
ore_ont_15846.owl,Timeout
ore_ont_1579.owl,Timeout
ore_ont_751.owl,Error: 139
ore_ont_14216.owl,865.67,869.224,877.338,940.628,965.487,1030.229,1020.523,1026.488,1108.824,1106.424,981.0835,993.005
ore_ont_11464.owl,Error: 139
ore_ont_12901.owl,Timeout
ore_ont_5769.owl,Timeout
ore_ont_7557.owl,Timeout
ore_ont_5295.owl,Timeout
ore_ont_5481.owl,Error: 139
ore_ont_10073.owl,Error: 139
ore_ont_5218.owl,Error: 139
ore_ont_2253.owl,888.827,874.836,838.538,838.284,902.958,903.224,808.317,872.118,835.715,812.829,857.5646,855.328
ore_ont_2111.owl,Error: 139
ore_ont_1886.owl,109.882,114.965,154.798,162.548,166.85,159.913,160.027,163.044,156.863,158.935,150.7825,159.424
ore_ont_16701.owl,Timeout
ore_ont_3164.owl,Timeout
ore_ont_1199.owl,Timeout
ore_ont_7993.owl,1140.283,1062.265,1012.161,1100.304,1120.884,1180.572,1120.491,1021.499,1046.819,984.755,1079.0033,1081.2845000000002
ore_ont_12528.owl,Error: 139
ore_ont_13106.owl,Timeout
ore_ont_5760.owl,1187.763,1122.463,1051.386,1175.477,1083.442,1100.374,1251.917,1306.68,1248.062,1193.062,1172.0626,1181.62
ore_ont_10929.owl,9.601,9.976,10.11,10.07,9.645,10.066,10.152,9.65,9.655,9.686,9.8611,9.831
ore_ont_10380.owl,Error: 139
ore_ont_13846.owl,Error: 139
ore_ont_2622.owl,Timeout
ore_ont_5519.owl,Timeout
ore_ont_9027.owl,446.574,479.092,453.194,486.682,480.187,602.337,518.14,580.62,475.739,587.032,510.9597,483.4345
ore_ont_2513.owl,Timeout
ore_ont_3658.owl,Timeout
ore_ont_9958.owl,Timeout
ore_ont_4572.owl,5.314,5.098,5.346,5.508,5.942,5.413,5.395,5.255,5.202,5.247,5.372,5.33
ore_ont_13591.owl,413.258,552.993,504.237,520.628,522.678,368.002,513.855,516.89,435.357,516.778,486.4676,515.3165
ore_ont_5596.owl,327.819,339.213,409.002,397.213,473.821,459.092,360.454,324.676,384.77,448.663,392.4723,390.9915
ore_ont_6682.owl,949.978,964.473,920.373,979.701,886.925,904.994,654.281,644.988,678.355,649.55,823.3618,895.9594999999999
ore_ont_3133.owl,Timeout
ore_ont_12203.owl,Timeout
ore_ont_5475.owl,Error: 139
ore_ont_4187.owl,Timeout
ore_ont_2486.owl,Error: 139
ore_ont_4412.owl,Error: 139
ore_ont_16414.owl,Timeout
ore_ont_10125.owl,Error: 139
ore_ont_10568.owl,Timeout
ore_ont_12128.owl,Error: 139
ore_ont_6233.owl,Timeout
ore_ont_1306.owl,Timeout
ore_ont_12351.owl,Error: 139
ore_ont_12567.owl,Error: 139
ore_ont_16457.owl,Timeout
ore_ont_2574.owl,Timeout
ore_ont_10750.owl,Timeout
ore_ont_3914.owl,Timeout
ore_ont_1012.owl,Timeout
ore_ont_15280.owl,Timeout
ore_ont_13482.owl,Timeout
ore_ont_7192.owl,Timeout
