ore_ont_6461.owl,0.014,0.006,0.005,0.005,0.005,0.004,0.005,0.004,0.004,0.005,0.0057,0.005
ore_ont_8335.owl,0.007,0.006,0.006,0.005,0.006,0.005,0.005,0.005,0.005,0.006,0.0056,0.0055
ore_ont_2775.owl,0.007,0.007,0.006,0.006,0.006,0.005,0.006,0.005,0.006,0.005,0.0059,0.006
ore_ont_16827.owl,0.016,0.017,0.016,0.016,0.016,0.017,0.015,0.014,0.014,0.015,0.015600000000000001,0.016
ore_ont_14588.owl,0.019,0.009,0.009,0.008,0.008,0.008,0.007,0.008,0.008,0.007,0.0091,0.008
ore_ont_1524.owl,0.006,0.006,0.006,0.006,0.006,0.006,0.005,0.005,0.005,0.005,0.0056,0.006
ore_ont_9462.owl,0.006,0.007,0.005,0.006,0.006,0.005,0.005,0.006,0.006,0.005,0.0057,0.006
ore_ont_15421.owl,0.009,0.009,0.008,0.008,0.008,0.01,0.008,0.008,0.008,0.008,0.0084,0.008
ore_ont_7417.owl,0.009,0.009,0.007,0.009,0.009,0.008,0.007,0.009,0.007,0.007,0.0081,0.0085
ore_ont_3936.owl,0.007,0.007,0.006,0.006,0.006,0.006,0.006,0.007,0.005,0.006,0.0062,0.006
ore_ont_16723.owl,0.009,0.01,0.008,0.008,0.009,0.007,0.007,0.007,0.007,0.009,0.0081,0.008
ore_ont_13132.owl,0.013,0.01,0.01,0.012,0.01,0.012,0.012,0.01,0.011,0.01,0.011,0.010499999999999999
ore_ont_13885.owl,0.013,0.013,0.013,0.015,0.012,0.013,0.013,0.012,0.017,0.012,0.0133,0.013
ore_ont_16274.owl,0.007,0.007,0.007,0.008,0.007,0.007,0.007,0.006,0.006,0.005,0.0067,0.007
ore_ont_3205.owl,0.006,0.005,0.005,0.005,0.005,0.005,0.005,0.005,0.005,0.004,0.005,0.005
ore_ont_16267.owl,0.014,0.013,0.013,0.015,0.012,0.016,0.012,0.012,0.012,0.012,0.0131,0.0125
ore_ont_16630.owl,0.013,0.011,0.01,0.009,0.01,0.009,0.01,0.009,0.01,0.01,0.0101,0.01
ore_ont_16814.owl,0.012,0.015,0.011,0.012,0.011,0.009,0.012,0.012,0.012,0.01,0.0116,0.012
ore_ont_16197.owl,0.008,0.008,0.007,0.007,0.007,0.007,0.006,0.007,0.007,0.007,0.0071,0.007
ore_ont_12150.owl,0.009,0.009,0.008,0.008,0.008,0.009,0.007,0.008,0.009,0.007,0.008199999999999999,0.008
ore_ont_10894.owl,0.007,0.007,0.007,0.005,0.006,0.005,0.006,0.006,0.006,0.005,0.006,0.006
ore_ont_9928.owl,0.007,0.006,0.006,0.006,0.006,0.006,0.006,0.006,0.005,0.005,0.0059,0.006
ore_ont_7789.owl,0.012,0.01,0.009,0.011,0.01,0.009,0.01,0.008,0.008,0.01,0.0097,0.01
ore_ont_1988.owl,0.007,0.007,0.006,0.005,0.005,0.005,0.005,0.005,0.006,0.005,0.0056,0.005
ore_ont_3281.owl,0.009,0.009,0.008,0.008,0.007,0.008,0.008,0.008,0.009,0.008,0.0082,0.008
ore_ont_11004.owl,0.011,0.011,0.014,0.012,0.009,0.01,0.01,0.01,0.01,0.01,0.0107,0.01
ore_ont_7800.owl,0.021,0.021,0.021,0.027,0.02,0.019,0.02,0.021,0.028,0.019,0.0217,0.021
ore_ont_10199.owl,0.021,0.021,0.019,0.032,0.02,0.029,0.03,0.02,0.019,0.02,0.0231,0.0205
ore_ont_3053.owl,org.semanticweb.owlapi.reasoner.InconsistentOntologyException: org.semanticweb.owlapi.owllink.builtin.response.OWLlinkUnsatisfiableKBErrorResponseException: Ontology 'http://Konclude.com/Ontologies/UnnamedOntologies/0/17e32a43-7bf0-4ab9-9e56-abc44f32709e/' is inconsistent.
ore_ont_11203.owl,0.031,0.031,0.03,0.039,0.032,0.032,0.029,0.029,0.032,0.03,0.0315,0.031
ore_ont_14379.owl,0.014,0.014,0.014,0.014,0.014,0.014,0.013,0.013,0.013,0.012,0.0135,0.014
ore_ont_11533.owl,0.011,0.01,0.009,0.012,0.009,0.008,0.009,0.009,0.009,0.009,0.0095,0.009
ore_ont_11592.owl,0.008,0.007,0.009,0.008,0.008,0.007,0.006,0.006,0.007,0.007,0.0073,0.007
ore_ont_16670.owl,0.01,0.009,0.012,0.011,0.009,0.009,0.01,0.009,0.009,0.009,0.0097,0.009
ore_ont_10580.owl,0.011,0.009,0.009,0.009,0.009,0.009,0.009,0.009,0.01,0.008,0.0092,0.009
ore_ont_6859.owl,0.009,0.008,0.007,0.008,0.008,0.007,0.006,0.007,0.007,0.007,0.0074,0.007
ore_ont_1866.owl,0.011,0.01,0.012,0.011,0.01,0.01,0.01,0.01,0.01,0.009,0.0103,0.01
ore_ont_15068.owl,0.008,0.006,0.007,0.008,0.006,0.006,0.005,0.006,0.006,0.005,0.0063,0.006
ore_ont_13129.owl,0.006,0.006,0.005,0.005,0.005,0.005,0.006,0.005,0.006,0.005,0.0054,0.005
ore_ont_4035.owl,0.006,0.007,0.007,0.006,0.005,0.006,0.005,0.006,0.006,0.006,0.006,0.006
ore_ont_5074.owl,0.008,0.006,0.006,0.005,0.005,0.005,0.005,0.005,0.005,0.005,0.0055,0.005
ore_ont_16033.owl,0.006,0.006,0.006,0.006,0.005,0.006,0.005,0.005,0.005,0.005,0.0055,0.0055
ore_ont_13799.owl,0.017,0.016,0.015,0.019,0.017,0.017,0.016,0.015,0.016,0.016,0.0164,0.016
ore_ont_10681.owl,0.008,0.007,0.008,0.007,0.008,0.007,0.009,0.007,0.007,0.007,0.0075,0.007
ore_ont_12323.owl,0.012,0.011,0.011,0.012,0.012,0.01,0.01,0.009,0.01,0.009,0.0106,0.010499999999999999
ore_ont_14800.owl,0.013,0.011,0.01,0.013,0.011,0.01,0.01,0.009,0.01,0.01,0.0107,0.01
ore_ont_1430.owl,0.008,0.007,0.007,0.007,0.006,0.006,0.006,0.006,0.006,0.007,0.0066,0.006500000000000001
ore_ont_14175.owl,0.018,0.021,0.022,0.016,0.018,0.018,0.017,0.018,0.021,0.016,0.0185,0.018
ore_ont_1898.owl,0.009,0.009,0.013,0.011,0.009,0.009,0.009,0.01,0.008,0.009,0.0096,0.009
ore_ont_5932.owl,0.01,0.01,0.011,0.01,0.009,0.009,0.01,0.009,0.01,0.009,0.0097,0.01
ore_ont_4133.owl,0.01,0.01,0.01,0.011,0.009,0.009,0.009,0.008,0.008,0.009,0.0093,0.009
ore_ont_13872.owl,0.031,0.034,0.03,0.03,0.028,0.029,0.028,0.028,0.028,0.027,0.0293,0.0285
ore_ont_85.owl,0.01,0.011,0.01,0.009,0.01,0.009,0.009,0.008,0.009,0.009,0.0094,0.009
ore_ont_15103.owl,0.009,0.01,0.012,0.01,0.009,0.008,0.01,0.009,0.009,0.009,0.0095,0.009
ore_ont_13704.owl,0.01,0.011,0.009,0.01,0.011,0.009,0.008,0.008,0.008,0.008,0.0092,0.009
ore_ont_13833.owl,0.007,0.008,0.007,0.007,0.007,0.006,0.006,0.007,0.007,0.006,0.0068000000000000005,0.007
ore_ont_15514.owl,0.018,0.014,0.017,0.014,0.014,0.017,0.014,0.013,0.013,0.017,0.0151,0.014
ore_ont_13584.owl,0.029,0.033,0.029,0.038,0.027,0.028,0.026,0.026,0.027,0.026,0.0289,0.0275
ore_ont_15291.owl,0.016,0.016,0.017,0.016,0.015,0.017,0.016,0.019,0.016,0.019,0.0167,0.016
ore_ont_5204.owl,0.013,0.013,0.013,0.013,0.014,0.013,0.013,0.012,0.017,0.013,0.0134,0.013
ore_ont_10009.owl,0.011,0.012,0.01,0.011,0.009,0.01,0.009,0.009,0.009,0.009,0.009899999999999999,0.0095
ore_ont_568.owl,0.012,0.012,0.013,0.012,0.011,0.011,0.012,0.011,0.013,0.013,0.012,0.012
ore_ont_15058.owl,0.016,0.016,0.016,0.018,0.015,0.015,0.016,0.016,0.021,0.014,0.0163,0.016
ore_ont_4719.owl,0.014,0.014,0.017,0.013,0.013,0.014,0.017,0.013,0.014,0.014,0.0143,0.014
ore_ont_3022.owl,0.012,0.01,0.01,0.009,0.009,0.011,0.009,0.009,0.009,0.009,0.0097,0.009
ore_ont_12369.owl,0.011,0.01,0.015,0.01,0.011,0.011,0.011,0.01,0.011,0.011,0.011099999999999999,0.011
ore_ont_5509.owl,0.008,0.007,0.008,0.007,0.007,0.006,0.007,0.006,0.006,0.006,0.0068000000000000005,0.007
ore_ont_7988.owl,0.014,0.015,0.015,0.014,0.013,0.013,0.014,0.014,0.014,0.013,0.0139,0.014
ore_ont_15010.owl,0.016,0.015,0.015,0.016,0.015,0.014,0.018,0.014,0.016,0.013,0.0152,0.015
ore_ont_12112.owl,0.01,0.011,0.008,0.009,0.009,0.009,0.009,0.008,0.008,0.009,0.009,0.009
ore_ont_13398.owl,0.006,0.007,0.006,0.005,0.007,0.006,0.005,0.007,0.006,0.006,0.0061,0.006
ore_ont_7011.owl,0.086,0.082,0.082,0.08,0.095,0.084,0.083,0.082,0.086,0.092,0.0852,0.0835
ore_ont_7179.owl,org.semanticweb.owlapi.reasoner.InconsistentOntologyException: org.semanticweb.owlapi.owllink.builtin.response.OWLlinkUnsatisfiableKBErrorResponseException: Ontology 'http://Konclude.com/Ontologies/UnnamedOntologies/0/d1d96af7-00cb-462f-b59d-55af9ede4f99/' is inconsistent.
ore_ont_15596.owl,0.018,0.017,0.02,0.015,0.016,0.016,0.016,0.015,0.016,0.016,0.0165,0.016
ore_ont_7894.owl,0.007,0.008,0.006,0.006,0.006,0.007,0.006,0.006,0.006,0.006,0.0064,0.006
ore_ont_8975.owl,0.016,0.016,0.016,0.015,0.018,0.016,0.015,0.015,0.015,0.016,0.0158,0.016
ore_ont_10571.owl,0.016,0.016,0.017,0.015,0.016,0.015,0.015,0.016,0.016,0.015,0.0157,0.016
ore_ont_14185.owl,0.007,0.006,0.007,0.006,0.006,0.006,0.006,0.006,0.007,0.006,0.0063,0.006
ore_ont_9690.owl,0.013,0.013,0.016,0.014,0.013,0.013,0.015,0.012,0.013,0.014,0.0136,0.013
ore_ont_8362.owl,0.035,0.033,0.043,0.034,0.033,0.032,0.038,0.033,0.038,0.034,0.0353,0.034
ore_ont_12566.owl,0.047,0.044,0.046,0.044,0.044,0.044,0.042,0.045,0.047,0.044,0.0447,0.044
ore_ont_2303.owl,0.006,0.007,0.005,0.006,0.006,0.006,0.006,0.005,0.006,0.005,0.0058000000000000005,0.006
ore_ont_13805.owl,0.012,0.01,0.008,0.008,0.008,0.009,0.008,0.008,0.008,0.008,0.0087,0.008
ore_ont_7668.owl,0.027,0.024,0.023,0.024,0.024,0.025,0.024,0.025,0.024,0.024,0.0244,0.024
ore_ont_11978.owl,0.056,0.059,0.05,0.062,0.05,0.055,0.051,0.048,0.049,0.05,0.053,0.0505
ore_ont_1172.owl,0.051,0.049,0.05,0.067,0.048,0.063,0.05,0.048,0.05,0.05,0.0526,0.05
ore_ont_8502.owl,0.007,0.006,0.006,0.006,0.006,0.006,0.005,0.006,0.006,0.006,0.006,0.006
ore_ont_3708.owl,0.019,0.023,0.026,0.019,0.024,0.018,0.018,0.025,0.018,0.018,0.0208,0.019
ore_ont_5033.owl,0.02,0.022,0.022,0.02,0.018,0.019,0.02,0.022,0.019,0.019,0.0201,0.02
ore_ont_11416.owl,0.014,0.013,0.013,0.013,0.014,0.012,0.013,0.012,0.013,0.012,0.0129,0.013
ore_ont_1853.owl,0.021,0.02,0.021,0.025,0.019,0.019,0.019,0.019,0.026,0.018,0.0207,0.0195
ore_ont_14388.owl,0.043,0.044,0.045,0.046,0.043,0.046,0.042,0.042,0.042,0.047,0.044,0.0435
ore_ont_13035.owl,0.05,0.049,0.046,0.044,0.045,0.048,0.046,0.046,0.044,0.049,0.0467,0.046
ore_ont_2526.owl,0.019,0.019,0.026,0.018,0.019,0.019,0.02,0.018,0.017,0.019,0.0194,0.019
ore_ont_12721.owl,0.032,0.034,0.049,0.034,0.033,0.032,0.032,0.032,0.033,0.033,0.0344,0.033
ore_ont_5205.owl,0.009,0.008,0.01,0.007,0.01,0.008,0.008,0.007,0.007,0.007,0.0081,0.008
ore_ont_3411.owl,0.025,0.023,0.022,0.023,0.021,0.021,0.026,0.023,0.027,0.023,0.0234,0.023
ore_ont_3966.owl,0.011,0.01,0.01,0.01,0.009,0.009,0.009,0.009,0.009,0.009,0.0095,0.009
ore_ont_1869.owl,0.009,0.008,0.009,0.008,0.008,0.008,0.008,0.007,0.007,0.007,0.0079,0.008
ore_ont_6615.owl,0.027,0.02,0.024,0.019,0.019,0.022,0.019,0.019,0.02,0.026,0.0215,0.02
ore_ont_2608.owl,0.009,0.011,0.008,0.008,0.008,0.008,0.007,0.008,0.008,0.007,0.0082,0.008
ore_ont_16481.owl,0.145,0.136,0.148,0.132,0.163,0.155,0.159,0.154,0.148,0.135,0.1475,0.148
ore_ont_14883.owl,0.037,0.036,0.044,0.042,0.035,0.036,0.036,0.036,0.035,0.035,0.0372,0.036
ore_ont_4875.owl,0.009,0.011,0.008,0.009,0.008,0.008,0.007,0.008,0.008,0.008,0.0084,0.008
ore_ont_8460.owl,0.041,0.038,0.04,0.039,0.039,0.04,0.039,0.038,0.038,0.041,0.0393,0.039
ore_ont_2744.owl,0.015,0.012,0.017,0.013,0.012,0.014,0.013,0.014,0.014,0.013,0.0137,0.0135
ore_ont_1784.owl,0.031,0.041,0.031,0.03,0.036,0.03,0.029,0.029,0.03,0.031,0.0318,0.0305
ore_ont_4315.owl,0.038,0.034,0.037,0.034,0.033,0.052,0.034,0.033,0.034,0.034,0.0363,0.034
ore_ont_10314.owl,0.043,0.038,0.038,0.032,0.031,0.032,0.035,0.032,0.032,0.032,0.0345,0.032
ore_ont_1537.owl,0.011,0.013,0.009,0.009,0.01,0.01,0.009,0.009,0.009,0.009,0.0098,0.009
ore_ont_15652.owl,0.008,0.007,0.006,0.007,0.007,0.006,0.006,0.006,0.007,0.006,0.0066,0.006500000000000001
ore_ont_7342.owl,0.006,0.007,0.006,0.006,0.005,0.005,0.006,0.005,0.005,0.005,0.0056,0.0055
ore_ont_3259.owl,0.041,0.049,0.039,0.04,0.044,0.046,0.038,0.041,0.04,0.037,0.0415,0.0405
ore_ont_6258.owl,0.048,0.036,0.045,0.035,0.044,0.038,0.034,0.034,0.036,0.035,0.0385,0.036
ore_ont_2556.owl,0.041,0.039,0.04,0.038,0.041,0.039,0.038,0.041,0.039,0.037,0.0393,0.039
ore_ont_5014.owl,org.semanticweb.owlapi.reasoner.InconsistentOntologyException: org.semanticweb.owlapi.owllink.builtin.response.OWLlinkUnsatisfiableKBErrorResponseException: Ontology 'http://Konclude.com/Ontologies/UnnamedOntologies/0/651d117c-49a9-47af-93de-72605505ce37/' is inconsistent.
ore_ont_5216.owl,0.012,0.01,0.01,0.009,0.01,0.009,0.009,0.009,0.009,0.009,0.0096,0.009
ore_ont_6272.owl,0.14,0.158,0.146,0.167,0.142,0.145,0.162,0.136,0.166,0.142,0.1504,0.1455
ore_ont_1705.owl,0.007,0.009,0.005,0.007,0.007,0.006,0.006,0.005,0.005,0.006,0.0063,0.006
ore_ont_13762.owl,0.015,0.018,0.019,0.015,0.014,0.015,0.013,0.014,0.014,0.014,0.015099999999999999,0.014499999999999999
ore_ont_934.owl,0.374,0.638,0.512,0.466,0.612,0.607,0.602,0.533,0.603,0.491,0.5438,0.5675
ore_ont_586.owl,0.013,0.013,0.013,0.014,0.014,0.012,0.012,0.012,0.012,0.011,0.0126,0.0125
ore_ont_6720.owl,org.semanticweb.owlapi.reasoner.InconsistentOntologyException: org.semanticweb.owlapi.owllink.builtin.response.OWLlinkUnsatisfiableKBErrorResponseException: Ontology 'http://Konclude.com/Ontologies/UnnamedOntologies/0/28d3c55d-effc-4b07-bb33-7e0a0ea231af/' is inconsistent.
ore_ont_10320.owl,0.015,0.015,0.017,0.017,0.015,0.015,0.015,0.015,0.015,0.014,0.0153,0.015
ore_ont_6983.owl,0.016,0.019,0.019,0.015,0.017,0.014,0.014,0.015,0.015,0.015,0.0159,0.015
ore_ont_11016.owl,0.011,0.014,0.01,0.011,0.011,0.011,0.01,0.01,0.01,0.009,0.0107,0.010499999999999999
ore_ont_15682.owl,org.semanticweb.owlapi.owllink.builtin.response.OWLlinkErrorResponseException: An error has occurred while processing 'Tell-'http://Konclude.com/Ontologies/UnnamedOntologies/0/512ea08b-e3ee-49ee-a401-1418a2f1ff18/'-Knowledge-Base-OWL2-XML-Axioms Command' Error process protocol: {notice}  [::Konclude::Command::Command]:Finish processing 'Tell-'http://Konclude.com/Ontologies/UnnamedOntologies/0/512ea08b-e3ee-49ee-a401-1418a2f1ff18/'-Knowledge-Base-OWL2-XML-Axioms Command' with all sub commands. Command closed. {notice}  [::Konclude::Control::Interface::OWLlink::OWLlinkProcessor]:Finish processing 'Tell-'http://Konclude.com/Ontologies/UnnamedOntologies/0/512ea08b-e3ee-49ee-a401-1418a2f1ff18/'-Knowledge-Base-OWL2-XML-Axioms Command'. {notice}  [::Konclude::Control::Interface::OWLlink::OWLlinkProcessor]:Stop processing 'Tell-'http://Konclude.com/Ontologies/UnnamedOntologies/0/512ea08b-e3ee-49ee-a401-1418a2f1ff18/'-Knowledge-Base-OWL2-XML-Axioms Command'. {notice}  [::Konclude::Control::Interface::OWLlink::OWLlinkProcessor]:Start processing 'Tell-'http://Konclude.com/Ontologies/UnnamedOntologies/0/512ea08b-e3ee-49ee-a401-1418a2f1ff18/'-Knowledge-Base-OWL2-XML-Axioms Command'. {error}  An error has occurred while processing 'Parse-OWL2-XML-Ontology Command' Sub-Error process protocol: {notice}  [::Konclude::Command::Command]:Finish processing 'Parse-OWL2-XML-Ontology Command' with all sub commands. Command closed. {notice}  [::Konclude::Control::Interface::OWLlink::OWLlinkProcessor]:Finish processing 'Parse-OWL2-XML-Ontology Command'. {notice}  [::Konclude::Control::Interface::OWLlink::OWLlinkProcessor]:Stop processing 'Parse-OWL2-XML-Ontology Command'. {error}  [::Konclude::Parser::OWL2QtXMLOntologyParser]:Node 'DatatypeDefinition' is not supported and could not be processed. {error}  [::Konclude::Parser::OWL2QtXMLOntologyParser]:Node 'DatatypeDefinition' is not supported and could not be processed. {error}  [::Konclude::Parser::OWL2QtXMLOntologyParser]:Node 'DatatypeDefinition' is not supported and could not be processed. {error}  [::Konclude::Parser::OWL2QtXMLOntologyParser]:Node 'DatatypeDefinition' is not supported and could not be processed. {error}  [::Konclude::Parser::OWL2QtXMLOntologyParser]:Node 'DatatypeDefinition' is not supported and could not be processed. {error}  [::Konclude::Parser::OWL2QtXMLOntologyParser]:Node 'DatatypeDefinition' is not supported and could not be processed. {error}  [::Konclude::Parser::OWL2QtXMLOntologyParser]:Node 'DatatypeDefinition' is not supported and could not be processed. {error}  [::Konclude::Parser::OWL2QtXMLOntologyParser]:Node 'DatatypeDefinition' is not supported and could not be processed. {error}  [::Konclude::Parser::OWL2QtXMLOntologyParser]:Node 'DatatypeDefinition' is not supported and could not be processed. {error}  [::Konclude::Parser::OWL2QtXMLOntologyParser]:Node 'DatatypeDefinition' is not supported and could not be processed. {error}  [::Konclude::Parser::OWL2QtXMLOntologyParser]:Node 'DatatypeDefinition' is not supported and could not be processed. {error}  [::Konclude::Parser::OWL2QtXMLOntologyParser]:Node 'DatatypeDefinition' is not supported and could not be processed. {error}  [::Konclude::Parser::OWL2QtXMLOntologyParser]:Node 'DatatypeDefinition' is not supported and could not be processed. {error}  [::Konclude::Parser::OWL2QtXMLOntologyParser]:Node 'DatatypeDefinition' is not supported and could not be processed. {error}  [::Konclude::Parser::OWL2QtXMLOntologyParser]:Node 'DatatypeDefinition' is not supported and could not be processed. {error}  [::Konclude::Parser::OWL2QtXMLOntologyParser]:Node 'DatatypeDefinition' is not supported and could not be processed. {error}  [::Konclude::Parser::OWL2QtXMLOntologyParser]:Node 'DatatypeDefinition' is not supported and could not be processed. {error}  [::Konclude::Parser::OWL2QtXMLOntologyParser]:Node 'DatatypeDefinition' is not supported and could not be processed. {error}  [::Konclude::Parser::OWL2QtXMLOntologyParser]:Node 'DatatypeDefinition' is not supported and could not be processed. {error}  [::Konclude::Parser::OWL2QtXMLOntologyParser]:Node 'DatatypeDefinition' is not supported and could not be processed. {error}  [::Konclude::Parser::OWL2QtXMLOntologyParser]:Node 'DatatypeDefinition' is not supported and could not be processed. {error}  [::Konclude::Parser::OWL2QtXMLOntologyParser]:Node 'DatatypeDefinition' is not supported and could not be processed. {error}  [::Konclude::Parser::OWL2QtXMLOntologyParser]:Node 'DatatypeDefinition' is not supported and could not be processed. {notice}  [::Konclude::Control::Interface::OWLlink::OWLlinkProcessor]:Start processing 'Parse-OWL2-XML-Ontology Command'. 
ore_ont_11577.owl,0.017,0.018,0.02,0.017,0.016,0.021,0.016,0.015,0.041,0.02,0.0201,0.0175
ore_ont_8948.owl,0.022,0.025,0.021,0.022,0.021,0.022,0.022,0.022,0.021,0.021,0.0219,0.022
ore_ont_16191.owl,0.017,0.028,0.015,0.015,0.015,0.014,0.015,0.016,0.015,0.016,0.0166,0.015
ore_ont_16115.owl,0.01,0.009,0.009,0.01,0.01,0.009,0.009,0.009,0.009,0.009,0.0093,0.009
ore_ont_5564.owl,0.017,0.019,0.017,0.017,0.016,0.015,0.039,0.015,0.015,0.015,0.0185,0.0165
ore_ont_8355.owl,0.049,0.057,0.049,0.071,0.048,0.048,0.047,0.048,0.047,0.047,0.0511,0.048
ore_ont_11694.owl,0.012,0.013,0.014,0.014,0.012,0.013,0.014,0.014,0.013,0.013,0.0132,0.013
ore_ont_155.owl,0.033,0.024,0.025,0.024,0.025,0.024,0.025,0.024,0.026,0.025,0.025500000000000002,0.025
ore_ont_3726.owl,0.012,org.semanticweb.owlapi.owllink.OWLlinkReasonerIOException: Connection refused (Connection refused)
ore_ont_7278.owl,0.012,0.011,0.011,0.011,0.011,0.01,0.01,0.01,0.01,0.01,0.0106,0.010499999999999999
ore_ont_2488.owl,0.017,0.016,0.016,0.017,0.017,0.017,0.016,0.017,0.017,0.016,0.0166,0.017
ore_ont_3566.owl,0.009,0.01,0.008,0.01,0.009,0.008,0.008,0.01,0.009,0.009,0.009,0.009
ore_ont_1958.owl,0.099,0.099,0.108,0.101,0.096,0.092,0.105,0.101,0.107,0.098,0.1006,0.1
ore_ont_10230.owl,0.017,0.023,0.028,0.025,0.021,0.016,0.02,0.022,0.016,0.015,0.0203,0.0205
ore_ont_15753.owl,0.009,0.008,0.008,0.009,0.008,0.007,0.007,0.007,0.009,0.007,0.0079,0.008
ore_ont_13898.owl,0.017,0.023,0.017,0.016,0.017,0.017,0.017,0.017,0.016,0.016,0.0173,0.017
ore_ont_6857.owl,0.025,0.028,0.023,0.023,0.022,0.023,0.023,0.023,0.022,0.022,0.0234,0.023
ore_ont_12932.owl,0.008,0.008,0.007,0.007,0.008,0.007,0.007,0.007,0.007,0.006,0.0072,0.007
ore_ont_4983.owl,0.019,0.018,0.021,0.019,0.022,0.017,0.022,0.022,0.018,0.018,0.0196,0.019
ore_ont_13954.owl,0.277,0.269,0.308,0.321,0.255,0.285,0.274,0.313,0.264,0.297,0.2863,0.281
ore_ont_3010.owl,0.37,0.343,0.318,0.34,0.301,0.321,0.341,0.335,0.325,0.324,0.3318,0.33
ore_ont_1931.owl,0.033,0.033,0.039,0.031,0.03,0.03,0.033,0.029,0.03,0.042,0.033,0.032
ore_ont_15413.owl,0.028,0.026,0.026,0.027,0.025,0.025,0.027,0.025,0.026,0.025,0.026,0.026
ore_ont_5324.owl,0.01,0.009,0.008,0.008,0.008,0.008,0.008,0.008,0.008,0.008,0.0083,0.008
ore_ont_6278.owl,0.024,0.026,0.023,0.029,0.026,0.024,0.024,0.03,0.023,0.025,0.0254,0.0245
ore_ont_14981.owl,0.01,0.011,0.01,0.009,0.01,0.01,0.01,0.01,0.01,0.009,0.009899999999999999,0.01
ore_ont_5834.owl,0.274,0.326,0.306,0.293,0.278,0.304,0.311,0.278,0.315,0.262,0.2947,0.2985
ore_ont_850.owl,0.308,0.295,0.27,0.287,0.301,0.281,0.342,0.269,0.288,0.287,0.2928,0.2875
ore_ont_2826.owl,0.291,0.297,0.307,0.268,0.312,0.288,0.28,0.315,0.267,0.324,0.2949,0.294
ore_ont_10702.owl,0.293,0.294,0.259,0.276,0.337,0.285,0.327,0.283,0.275,0.32,0.2949,0.289
ore_ont_3156.owl,0.274,0.317,0.28,0.285,0.318,0.285,0.281,0.279,0.268,0.294,0.2881,0.28300000000000003
ore_ont_8042.owl,0.306,0.301,0.283,0.316,0.292,0.268,0.278,0.281,0.291,0.339,0.2955,0.2915
ore_ont_8429.owl,0.025,0.026,0.025,0.025,0.026,0.03,0.025,0.025,0.026,0.025,0.0258,0.025
ore_ont_4469.owl,0.055,0.057,0.056,0.059,0.053,0.057,0.063,0.053,0.053,0.053,0.0559,0.0555
ore_ont_12084.owl,0.019,0.024,0.018,0.02,0.019,0.018,0.022,0.022,0.019,0.019,0.02,0.019
ore_ont_16425.owl,0.009,0.008,0.009,0.008,0.008,0.007,0.008,0.008,0.007,0.007,0.0079,0.008
ore_ont_8280.owl,org.semanticweb.owlapi.reasoner.InconsistentOntologyException: org.semanticweb.owlapi.owllink.builtin.response.OWLlinkUnsatisfiableKBErrorResponseException: Ontology 'http://Konclude.com/Ontologies/UnnamedOntologies/0/4cc51a02-b1ad-4258-9e32-4f0a4641b245/' is inconsistent.
ore_ont_4400.owl,0.011,0.01,0.009,0.013,0.009,0.009,0.009,0.008,0.01,0.008,0.0096,0.009
ore_ont_5539.owl,org.semanticweb.owlapi.reasoner.InconsistentOntologyException: org.semanticweb.owlapi.owllink.builtin.response.OWLlinkUnsatisfiableKBErrorResponseException: Ontology 'http://Konclude.com/Ontologies/UnnamedOntologies/0/c9847c20-3d60-453f-aef4-118a6b4339c1/' is inconsistent.
ore_ont_10906.owl,org.semanticweb.owlapi.reasoner.InconsistentOntologyException: org.semanticweb.owlapi.owllink.builtin.response.OWLlinkUnsatisfiableKBErrorResponseException: Ontology 'http://Konclude.com/Ontologies/UnnamedOntologies/0/bc29ea11-490c-4548-b35b-6396bdf2497f/' is inconsistent.
ore_ont_1397.owl,0.288,0.307,0.268,0.279,0.285,0.286,0.286,0.299,0.3,0.305,0.2903,0.287
ore_ont_8786.owl,0.262,0.284,0.283,0.277,0.264,0.268,0.286,0.294,0.3,0.267,0.27849999999999997,0.28
ore_ont_237.owl,org.semanticweb.owlapi.reasoner.InconsistentOntologyException: org.semanticweb.owlapi.owllink.builtin.response.OWLlinkUnsatisfiableKBErrorResponseException: Ontology 'http://Konclude.com/Ontologies/UnnamedOntologies/0/debdbada-e432-42ca-b9ee-e22d4a790657/' is inconsistent.
ore_ont_5206.owl,org.semanticweb.owlapi.reasoner.InconsistentOntologyException: org.semanticweb.owlapi.owllink.builtin.response.OWLlinkUnsatisfiableKBErrorResponseException: Ontology 'http://Konclude.com/Ontologies/UnnamedOntologies/0/45711ea6-b185-48f2-8fdc-45442a085f32/' is inconsistent.
ore_ont_13880.owl,org.semanticweb.owlapi.reasoner.InconsistentOntologyException: org.semanticweb.owlapi.owllink.builtin.response.OWLlinkUnsatisfiableKBErrorResponseException: Ontology 'http://Konclude.com/Ontologies/UnnamedOntologies/0/a1bfd7ed-301b-4c54-9e89-f98e23bb5135/' is inconsistent.
ore_ont_16371.owl,0.032,0.037,0.03,0.03,0.037,0.032,0.03,0.029,0.028,0.027,0.0312,0.03
ore_ont_13646.owl,0.029,0.032,0.03,0.034,0.027,0.032,0.028,0.027,0.028,0.026,0.0293,0.0285
ore_ont_11477.owl,0.516,0.527,0.531,0.474,0.534,0.473,0.573,0.506,0.448,0.521,0.5103,0.5185
ore_ont_10517.owl,0.162,0.172,0.172,0.181,0.158,0.183,0.177,0.182,0.162,0.167,0.1716,0.172
ore_ont_13112.owl,0.012,0.012,0.012,0.012,0.011,0.011,0.011,0.011,0.011,0.011,0.0114,0.011
ore_ont_16255.owl,0.027,0.03,0.026,0.027,0.034,0.028,0.027,0.028,0.027,0.027,0.0281,0.027
ore_ont_13404.owl,0.039,0.048,0.051,0.046,0.039,0.037,0.04,0.038,0.038,0.038,0.0414,0.039
ore_ont_8387.owl,0.03,0.047,0.032,0.044,0.044,0.046,0.041,0.045,0.027,0.029,0.0385,0.042499999999999996
ore_ont_5764.owl,0.082,0.084,0.083,0.082,0.089,0.082,0.081,0.081,0.081,0.082,0.0827,0.082
ore_ont_6951.owl,0.013,0.013,0.015,0.013,0.014,0.012,0.012,0.012,0.013,0.012,0.0129,0.013
ore_ont_16372.owl,org.semanticweb.owlapi.reasoner.InconsistentOntologyException: org.semanticweb.owlapi.owllink.builtin.response.OWLlinkUnsatisfiableKBErrorResponseException: Ontology 'http://Konclude.com/Ontologies/UnnamedOntologies/0/aa0500e0-fc3d-46f1-aa0b-3333cdad8e4d/' is inconsistent.
ore_ont_12270.owl,0.017,0.017,0.017,0.018,0.017,0.017,0.017,0.017,0.016,0.017,0.017,0.017
ore_ont_3344.owl,0.011,0.01,0.011,0.011,0.01,0.01,0.01,0.009,0.01,0.009,0.0101,0.01
ore_ont_4961.owl,0.023,0.022,0.024,0.027,0.024,0.022,0.026,0.026,0.024,0.026,0.024399999999999998,0.024
ore_ont_11115.owl,0.023,0.02,0.029,0.019,0.022,0.018,0.019,0.019,0.019,0.02,0.0208,0.0195
ore_ont_1211.owl,0.017,0.017,0.016,0.016,0.016,0.016,0.016,0.015,0.015,0.016,0.016,0.016
ore_ont_727.owl,0.017,0.017,0.016,0.016,0.016,0.016,0.017,0.016,0.016,0.016,0.016300000000000002,0.016
ore_ont_7327.owl,0.034,0.035,0.033,0.035,0.034,0.034,0.033,0.039,0.034,0.035,0.034600000000000006,0.034
ore_ont_11572.owl,0.012,0.012,0.013,0.014,0.012,0.012,0.011,0.011,0.011,0.011,0.011899999999999999,0.012
ore_ont_7818.owl,0.021,0.02,0.021,0.02,0.02,0.02,0.02,0.02,0.02,0.02,0.0202,0.02
ore_ont_12892.owl,0.01,0.011,0.011,0.011,0.011,0.01,0.009,0.01,0.009,0.009,0.0101,0.01
ore_ont_15030.owl,0.063,0.064,0.062,0.063,0.062,0.061,0.068,0.062,0.063,0.063,0.0631,0.063
ore_ont_5688.owl,0.031,0.025,0.025,0.024,0.024,0.024,0.024,0.024,0.025,0.024,0.025,0.024
ore_ont_6401.owl,0.04,0.039,0.045,0.041,0.039,0.038,0.04,0.038,0.038,0.038,0.039599999999999996,0.039
ore_ont_13413.owl,0.012,0.013,0.012,0.012,0.012,0.012,0.014,0.011,0.012,0.013,0.0123,0.012
ore_ont_6923.owl,0.033,0.04,0.032,0.032,0.034,0.032,0.032,0.033,0.032,0.031,0.033100000000000004,0.032
ore_ont_7007.owl,0.023,0.023,0.029,0.021,0.022,0.021,0.021,0.02,0.022,0.021,0.0223,0.0215
ore_ont_14370.owl,0.027,0.024,0.025,0.025,0.023,0.024,0.024,0.023,0.024,0.025,0.0244,0.024
ore_ont_5078.owl,0.012,0.013,0.012,0.013,0.012,0.011,0.012,0.011,0.011,0.012,0.011899999999999999,0.012
ore_ont_12965.owl,0.013,0.014,0.013,0.012,0.012,0.013,0.011,0.011,0.012,0.012,0.0123,0.012
ore_ont_7483.owl,0.025,0.023,0.022,0.021,0.022,0.022,0.021,0.021,0.021,0.021,0.0219,0.0215
ore_ont_8730.owl,0.061,0.052,0.056,0.047,0.049,0.049,0.049,0.05,0.048,0.048,0.0509,0.049
ore_ont_3503.owl,0.047,0.061,0.062,0.051,0.048,0.047,0.049,0.048,0.046,0.046,0.0505,0.048
ore_ont_10026.owl,0.016,0.014,0.018,0.015,0.015,0.014,0.014,0.014,0.015,0.014,0.0149,0.014499999999999999
ore_ont_14353.owl,0.135,0.158,0.118,0.117,0.117,0.119,0.119,0.117,0.118,0.118,0.1236,0.118
ore_ont_16056.owl,0.149,0.136,0.134,0.152,0.151,0.158,0.149,0.135,0.152,0.131,0.1447,0.149
ore_ont_13405.owl,0.024,0.032,0.023,0.024,0.025,0.023,0.024,0.023,0.023,0.023,0.0244,0.0235
ore_ont_8640.owl,0.074,0.074,0.075,0.073,0.073,0.073,0.073,0.077,0.073,0.073,0.07379999999999999,0.073
ore_ont_15741.owl,0.019,0.015,0.015,0.015,0.015,0.015,0.015,0.015,0.014,0.015,0.0153,0.015
ore_ont_14285.owl,org.semanticweb.owlapi.reasoner.InconsistentOntologyException: org.semanticweb.owlapi.owllink.builtin.response.OWLlinkUnsatisfiableKBErrorResponseException: Ontology 'http://Konclude.com/Ontologies/UnnamedOntologies/0/94d21fca-c8ee-42c9-b815-c3bc1a8c6247/' is inconsistent.
ore_ont_14667.owl,0.015,0.016,0.014,0.016,0.014,0.015,0.015,0.015,0.015,0.014,0.0149,0.015
ore_ont_8744.owl,0.021,0.02,0.02,0.021,0.02,0.019,0.019,0.02,0.019,0.019,0.0198,0.02
ore_ont_1117.owl,0.013,0.014,0.013,0.012,0.012,0.012,0.013,0.012,0.012,0.012,0.0125,0.012
ore_ont_9947.owl,0.023,0.023,0.023,0.022,0.022,0.022,0.022,0.022,0.021,0.022,0.022199999999999998,0.022
ore_ont_3545.owl,0.021,0.015,0.014,0.015,0.017,0.017,0.014,0.015,0.016,0.014,0.0158,0.015
ore_ont_7778.owl,0.023,0.021,0.02,0.021,0.02,0.021,0.02,0.02,0.021,0.021,0.0208,0.021
ore_ont_6817.owl,0.013,0.014,0.012,0.013,0.013,0.012,0.012,0.012,0.013,0.011,0.0125,0.0125
ore_ont_14912.owl,0.019,0.018,0.018,0.02,0.018,0.018,0.017,0.018,0.018,0.018,0.0182,0.018
ore_ont_9248.owl,0.083,0.095,0.079,0.081,0.079,0.08,0.084,0.079,0.083,0.079,0.0822,0.0805
ore_ont_7817.owl,0.094,0.074,0.074,0.074,0.077,0.074,0.076,0.073,0.075,0.074,0.0765,0.074
ore_ont_6727.owl,0.083,0.081,0.082,0.086,0.083,0.084,0.08,0.082,0.081,0.081,0.0823,0.082
ore_ont_12325.owl,0.084,0.083,0.082,0.083,0.088,0.082,0.083,0.083,0.083,0.082,0.0833,0.083
ore_ont_5149.owl,0.012,0.013,0.012,0.012,0.011,0.012,0.011,0.012,0.011,0.011,0.0117,0.012
ore_ont_2749.owl,org.semanticweb.owlapi.reasoner.InconsistentOntologyException: org.semanticweb.owlapi.owllink.builtin.response.OWLlinkUnsatisfiableKBErrorResponseException: Ontology 'http://Konclude.com/Ontologies/UnnamedOntologies/0/294bcf4b-49d7-440b-858b-d34a9f06c8d8/' is inconsistent.
ore_ont_8940.owl,0.023,0.022,0.022,0.022,0.024,0.024,0.021,0.021,0.021,0.021,0.0221,0.022
ore_ont_7108.owl,0.102,0.093,0.091,0.088,0.089,0.088,0.088,0.089,0.088,0.087,0.09029999999999999,0.0885
ore_ont_11635.owl,0.022,0.022,0.021,0.023,0.022,0.021,0.021,0.022,0.022,0.021,0.0217,0.022
ore_ont_572.owl,0.017,0.018,0.016,0.016,0.017,0.017,0.016,0.016,0.016,0.016,0.0165,0.016
ore_ont_3916.owl,org.semanticweb.owlapi.reasoner.InconsistentOntologyException: org.semanticweb.owlapi.owllink.builtin.response.OWLlinkUnsatisfiableKBErrorResponseException: Ontology 'http://Konclude.com/Ontologies/UnnamedOntologies/0/79919116-2667-4a51-a32b-aa281ec0b259/' is inconsistent.
ore_ont_4903.owl,0.304,0.298,0.288,0.294,0.276,0.284,0.306,0.295,0.291,0.304,0.294,0.2945
ore_ont_12916.owl,0.115,0.104,0.101,0.102,0.101,0.101,0.101,0.102,0.101,0.102,0.10300000000000001,0.1015
ore_ont_7743.owl,0.028,0.03,0.03,0.031,0.028,0.028,0.028,0.028,0.028,0.028,0.0287,0.028
ore_ont_13837.owl,0.024,0.025,0.023,0.024,0.024,0.023,0.024,0.023,0.024,0.024,0.0238,0.024
ore_ont_7680.owl,0.032,0.035,0.03,0.03,0.03,0.03,0.03,0.03,0.031,0.031,0.0309,0.03
ore_ont_6822.owl,0.046,0.046,0.043,0.043,0.044,0.042,0.044,0.045,0.041,0.042,0.0436,0.0435
ore_ont_6146.owl,0.025,0.023,0.024,0.023,0.023,0.024,0.023,0.023,0.023,0.023,0.0234,0.023
ore_ont_928.owl,0.029,0.028,0.029,0.029,0.029,0.027,0.028,0.028,0.028,0.028,0.028300000000000002,0.028
ore_ont_13755.owl,0.045,0.065,0.044,0.045,0.043,0.044,0.044,0.044,0.043,0.044,0.046099999999999995,0.044
ore_ont_9053.owl,0.15,0.15,0.149,0.152,0.148,0.152,0.149,0.153,0.145,0.156,0.1504,0.15
ore_ont_3381.owl,0.093,0.098,0.096,0.092,0.093,0.093,0.093,0.093,0.092,0.095,0.0938,0.093
ore_ont_399.owl,0.121,0.099,0.1,0.103,0.099,0.1,0.099,0.101,0.104,0.101,0.1027,0.1005
ore_ont_13139.owl,0.026,0.028,0.025,0.027,0.026,0.025,0.025,0.025,0.025,0.025,0.0257,0.025
ore_ont_14860.owl,0.021,0.02,0.019,0.02,0.02,0.019,0.02,0.019,0.019,0.019,0.0196,0.0195
ore_ont_11910.owl,0.025,0.026,0.025,0.025,0.026,0.026,0.025,0.025,0.025,0.025,0.0253,0.025
ore_ont_9249.owl,0.013,0.013,0.012,0.012,0.013,0.012,0.012,0.012,0.012,0.011,0.012199999999999999,0.012
ore_ont_11626.owl,0.026,0.028,0.025,0.026,0.025,0.025,0.025,0.024,0.025,0.025,0.0254,0.025
ore_ont_8933.owl,0.02,0.018,0.018,0.017,0.018,0.018,0.017,0.017,0.017,0.017,0.0177,0.0175
ore_ont_7372.owl,0.02,0.018,0.018,0.019,0.018,0.018,0.017,0.018,0.018,0.017,0.018099999999999998,0.018
ore_ont_14863.owl,0.021,0.02,0.02,0.02,0.021,0.021,0.02,0.02,0.02,0.021,0.0204,0.02
ore_ont_1065.owl,0.025,0.022,0.022,0.023,0.022,0.022,0.022,0.022,0.021,0.021,0.0222,0.022
ore_ont_5669.owl,0.027,0.027,0.026,0.026,0.026,0.026,0.026,0.026,0.026,0.025,0.026099999999999998,0.026
ore_ont_16509.owl,0.026,0.027,0.026,0.027,0.026,0.026,0.026,0.026,0.026,0.025,0.026099999999999998,0.026
ore_ont_7180.owl,0.026,0.027,0.027,0.028,0.026,0.027,0.026,0.026,0.028,0.025,0.0266,0.0265
ore_ont_12000.owl,0.039,0.034,0.037,0.034,0.034,0.035,0.034,0.034,0.034,0.033,0.034800000000000005,0.034
ore_ont_16547.owl,0.037,0.035,0.037,0.034,0.035,0.035,0.035,0.034,0.034,0.035,0.0351,0.035
ore_ont_15184.owl,0.247,0.243,0.247,0.243,0.245,0.241,0.237,0.241,0.243,0.246,0.2433,0.243
ore_ont_13857.owl,0.26,0.245,0.256,0.241,0.246,0.246,0.226,0.246,0.242,0.24,0.2448,0.2455
ore_ont_14593.owl,0.241,0.24,0.237,0.241,0.249,0.242,0.241,0.233,0.233,0.234,0.2391,0.2405
ore_ont_9382.owl,0.262,0.246,0.24,0.237,0.241,0.24,0.243,0.239,0.237,0.24,0.2425,0.24
ore_ont_9558.owl,0.278,0.244,0.244,0.241,0.245,0.24,0.241,0.244,0.245,0.245,0.2467,0.244
ore_ont_9758.owl,0.246,0.24,0.244,0.242,0.244,0.252,0.24,0.243,0.243,0.245,0.2439,0.2435
ore_ont_6815.owl,0.245,0.251,0.244,0.243,0.246,0.244,0.24,0.244,0.242,0.247,0.24459999999999998,0.244
ore_ont_2531.owl,0.247,0.242,0.248,0.247,0.251,0.227,0.248,0.247,0.25,0.246,0.2453,0.247
ore_ont_14331.owl,0.249,0.253,0.253,0.25,0.255,0.232,0.252,0.246,0.247,0.251,0.2488,0.2505
ore_ont_253.owl,0.025,0.023,0.023,0.023,0.023,0.023,0.023,0.023,0.023,0.025,0.0234,0.023
ore_ont_10423.owl,0.248,0.243,0.244,0.246,0.246,0.248,0.243,0.244,0.247,0.255,0.2464,0.246
ore_ont_6354.owl,0.191,0.19,0.189,0.199,0.19,0.199,0.196,0.194,0.191,0.19,0.19290000000000002,0.191
ore_ont_4260.owl,0.031,0.034,0.03,0.032,0.031,0.029,0.03,0.029,0.03,0.029,0.0305,0.03
ore_ont_15917.owl,0.034,0.033,0.033,0.034,0.033,0.033,0.033,0.033,0.033,0.033,0.0332,0.033
ore_ont_15341.owl,0.038,0.038,0.033,0.034,0.034,0.032,0.033,0.034,0.034,0.034,0.0344,0.034
ore_ont_13840.owl,0.034,0.033,0.034,0.036,0.033,0.036,0.034,0.033,0.034,0.033,0.034,0.034
ore_ont_1539.owl,0.244,0.244,0.248,0.243,0.243,0.243,0.249,0.248,0.248,0.249,0.2459,0.246
ore_ont_14255.owl,0.249,0.255,0.248,0.244,0.243,0.249,0.229,0.242,0.243,0.245,0.2447,0.2445
ore_ont_8326.owl,0.266,0.247,0.25,0.246,0.249,0.247,0.248,0.246,0.241,0.244,0.2484,0.247
ore_ont_10588.owl,0.244,0.239,0.246,0.248,0.245,0.246,0.249,0.253,0.253,0.254,0.2477,0.247
ore_ont_8684.owl,0.257,0.254,0.255,0.262,0.254,0.256,0.245,0.253,0.251,0.25,0.2537,0.254
ore_ont_13150.owl,0.253,0.251,0.255,0.249,0.25,0.252,0.253,0.232,0.252,0.25,0.2497,0.2515
ore_ont_259.owl,0.249,0.236,0.249,0.255,0.252,0.253,0.255,0.259,0.248,0.258,0.2514,0.2525
ore_ont_4162.owl,0.249,0.255,0.235,0.253,0.251,0.231,0.255,0.23,0.253,0.25,0.2462,0.2505
ore_ont_8359.owl,0.251,0.253,0.251,0.257,0.25,0.251,0.254,0.247,0.253,0.252,0.2519,0.2515
ore_ont_8286.owl,0.252,0.252,0.251,0.251,0.249,0.257,0.25,0.251,0.252,0.247,0.2512,0.251
ore_ont_4515.owl,0.253,0.245,0.252,0.252,0.252,0.252,0.247,0.242,0.249,0.246,0.249,0.2505
ore_ont_12884.owl,0.245,0.247,0.244,0.241,0.244,0.243,0.242,0.245,0.243,0.244,0.2438,0.244
ore_ont_16565.owl,0.251,0.242,0.245,0.226,0.242,0.245,0.249,0.241,0.244,0.24,0.2425,0.243
ore_ont_4581.owl,0.247,0.245,0.245,0.247,0.226,0.241,0.242,0.236,0.249,0.243,0.24209999999999998,0.244
ore_ont_9186.owl,0.244,0.242,0.226,0.246,0.248,0.255,0.244,0.246,0.247,0.246,0.2444,0.246
ore_ont_15352.owl,0.249,0.243,0.246,0.226,0.244,0.247,0.247,0.245,0.23,0.242,0.2419,0.2445
ore_ont_8171.owl,0.245,0.244,0.242,0.246,0.242,0.248,0.243,0.244,0.247,0.251,0.2452,0.2445
ore_ont_5543.owl,0.26,0.247,0.243,0.246,0.243,0.245,0.245,0.243,0.246,0.247,0.2465,0.2455
ore_ont_9037.owl,0.244,0.251,0.254,0.246,0.242,0.247,0.243,0.243,0.246,0.254,0.247,0.246
ore_ont_7775.owl,0.048,0.048,0.053,0.047,0.049,0.047,0.046,0.052,0.047,0.046,0.0483,0.0475
ore_ont_12474.owl,0.249,0.247,0.244,0.231,0.248,0.248,0.246,0.244,0.251,0.246,0.2454,0.2465
ore_ont_13700.owl,0.052,0.057,0.052,0.051,0.051,0.051,0.051,0.05,0.051,0.051,0.051699999999999996,0.051
ore_ont_13851.owl,0.222,0.22,0.218,0.22,0.221,0.218,0.217,0.22,0.221,0.218,0.2195,0.22
ore_ont_14919.owl,0.246,0.257,0.243,0.241,0.241,0.246,0.244,0.243,0.25,0.227,0.2438,0.2435
ore_ont_8668.owl,0.252,0.233,0.22,0.221,0.222,0.219,0.218,0.219,0.22,0.219,0.2243,0.22
ore_ont_11696.owl,0.222,0.221,0.224,0.228,0.223,0.221,0.223,0.221,0.22,0.226,0.22290000000000001,0.2225
ore_ont_16017.owl,0.227,0.225,0.22,0.224,0.221,0.22,0.221,0.22,0.219,0.22,0.2217,0.2205
ore_ont_14183.owl,0.23,0.224,0.22,0.226,0.219,0.22,0.22,0.22,0.223,0.22,0.2222,0.22
ore_ont_6847.owl,0.224,0.225,0.226,0.224,0.226,0.231,0.224,0.23,0.226,0.226,0.2262,0.226
ore_ont_4958.owl,0.229,0.218,0.22,0.219,0.219,0.225,0.219,0.218,0.219,0.221,0.2207,0.219
ore_ont_4429.owl,0.249,0.25,0.248,0.245,0.246,0.245,0.246,0.243,0.245,0.239,0.24559999999999998,0.2455
ore_ont_10058.owl,0.222,0.225,0.221,0.221,0.219,0.226,0.22,0.22,0.22,0.218,0.2212,0.2205
ore_ont_3584.owl,0.251,0.251,0.249,0.248,0.252,0.25,0.229,0.253,0.25,0.249,0.2482,0.25
ore_ont_4188.owl,0.221,0.226,0.221,0.218,0.22,0.218,0.219,0.223,0.22,0.224,0.221,0.2205
ore_ont_4770.owl,0.221,0.238,0.229,0.224,0.226,0.22,0.22,0.22,0.22,0.227,0.2245,0.2225
ore_ont_7084.owl,0.244,0.249,0.241,0.246,0.247,0.246,0.225,0.249,0.243,0.246,0.24359999999999998,0.246
ore_ont_11289.owl,0.222,0.221,0.22,0.22,0.222,0.218,0.218,0.22,0.226,0.22,0.2207,0.22
ore_ont_11948.owl,0.22,0.224,0.226,0.22,0.218,0.22,0.224,0.219,0.221,0.219,0.2211,0.22
ore_ont_8719.owl,0.258,0.251,0.251,0.252,0.251,0.247,0.256,0.254,0.251,0.251,0.2522,0.251
ore_ont_14878.owl,0.222,0.221,0.22,0.224,0.221,0.227,0.22,0.224,0.224,0.219,0.2222,0.2215
ore_ont_4092.owl,0.219,0.22,0.222,0.223,0.219,0.219,0.22,0.22,0.219,0.218,0.2199,0.2195
ore_ont_15355.owl,0.027,0.026,0.028,0.025,0.026,0.027,0.025,0.026,0.025,0.025,0.026,0.026
ore_ont_5298.owl,0.224,0.22,0.221,0.22,0.226,0.227,0.225,0.219,0.228,0.221,0.2231,0.2225
ore_ont_14237.owl,0.241,0.224,0.225,0.225,0.222,0.221,0.23,0.232,0.223,0.223,0.2266,0.2245
ore_ont_13679.owl,0.25,0.254,0.32,0.249,0.272,0.242,0.244,0.243,0.249,0.243,0.2566,0.249
ore_ont_7537.owl,0.222,0.222,0.228,0.228,0.228,0.224,0.223,0.231,0.226,0.227,0.22590000000000002,0.2265
ore_ont_5398.owl,0.228,0.231,0.243,0.228,0.232,0.236,0.23,0.229,0.229,0.236,0.23220000000000002,0.2305
ore_ont_336.owl,0.232,0.239,0.235,0.233,0.234,0.234,0.241,0.233,0.242,0.235,0.2358,0.2345
ore_ont_9534.owl,0.28,0.282,0.276,0.272,0.281,0.271,0.276,0.261,0.428,0.278,0.29050000000000004,0.277
ore_ont_14286.owl,0.03,0.029,0.029,0.029,0.03,0.029,0.028,0.029,0.029,0.029,0.0291,0.029
ore_ont_2213.owl,0.314,0.317,0.32,0.315,0.312,0.318,0.316,0.322,0.316,0.317,0.3167,0.3165
ore_ont_11989.owl,0.273,0.275,0.27,0.261,0.275,0.284,0.278,0.27,0.268,0.276,0.273,0.274
ore_ont_12468.owl,0.275,0.282,0.272,0.274,0.274,0.276,0.286,0.282,0.274,0.264,0.27590000000000003,0.2745
ore_ont_13674.owl,0.277,0.269,0.279,0.28,0.248,0.275,0.273,0.276,0.274,0.282,0.2733,0.2755
ore_ont_9896.owl,0.029,0.027,0.028,0.028,0.028,0.029,0.027,0.027,0.027,0.029,0.0279,0.028
ore_ont_3771.owl,0.026,0.026,0.024,0.025,0.025,0.024,0.024,0.024,0.024,0.023,0.0245,0.024
ore_ont_891.owl,0.265,0.266,0.266,0.274,0.269,0.267,0.268,0.268,0.268,0.279,0.269,0.268
ore_ont_10892.owl,0.273,0.272,0.275,0.277,0.272,0.289,0.276,0.271,0.275,0.24,0.272,0.274
ore_ont_4423.owl,0.283,0.265,0.261,0.269,0.266,0.275,0.27,0.269,0.27,0.274,0.2702,0.2695
ore_ont_1062.owl,0.287,0.279,0.279,0.284,0.285,0.287,0.286,0.286,0.288,0.288,0.2849,0.286
ore_ont_14367.owl,0.254,0.247,0.251,0.251,0.25,0.253,0.249,0.25,0.258,0.249,0.2512,0.2505
ore_ont_8688.owl,0.254,0.256,0.249,0.248,0.255,0.255,0.255,0.252,0.266,0.267,0.2557,0.255
ore_ont_6892.owl,0.257,0.243,0.248,0.252,0.238,0.245,0.245,0.25,0.244,0.26,0.2482,0.2465
ore_ont_7015.owl,0.025,0.023,0.023,0.024,0.024,0.024,0.023,0.024,0.023,0.023,0.0236,0.0235
ore_ont_13078.owl,0.024,0.024,0.024,0.024,0.023,0.024,0.023,0.024,0.023,0.024,0.0237,0.024
ore_ont_7188.owl,0.026,0.024,0.023,0.024,0.025,0.024,0.023,0.023,0.024,0.024,0.024,0.024
ore_ont_15013.owl,0.044,0.039,0.038,0.039,0.039,0.039,0.039,0.039,0.04,0.038,0.0394,0.039
ore_ont_4587.owl,0.31,0.291,0.263,0.263,0.273,0.268,0.273,0.288,0.29,0.282,0.2801,0.27749999999999997
ore_ont_13336.owl,0.22,0.203,0.2,0.197,0.196,0.202,0.202,0.203,0.202,0.206,0.2031,0.202
ore_ont_12152.owl,0.284,0.279,0.284,0.278,0.28,0.28,0.285,0.28,0.282,0.281,0.2813,0.2805
ore_ont_10481.owl,0.279,0.28,0.28,0.28,0.282,0.283,0.28,0.281,0.281,0.28,0.2806,0.28
ore_ont_16759.owl,0.284,0.283,0.289,0.285,0.283,0.288,0.269,0.273,0.298,0.276,0.2828,0.2835
ore_ont_16124.owl,0.272,0.274,0.28,0.274,0.276,0.28,0.273,0.278,0.275,0.287,0.27690000000000003,0.2755
ore_ont_1469.owl,0.306,0.306,0.307,0.31,0.309,0.31,0.32,0.31,0.315,0.314,0.3107,0.31
ore_ont_11124.owl,0.057,0.058,0.059,0.06,0.059,0.06,0.057,0.06,0.059,0.058,0.0587,0.059
ore_ont_11131.owl,0.036,0.036,0.035,0.035,0.036,0.035,0.035,0.036,0.034,0.035,0.0353,0.035
ore_ont_4182.owl,0.026,0.026,0.025,0.024,0.026,0.027,0.024,0.023,0.024,0.023,0.0248,0.0245
ore_ont_11305.owl,org.semanticweb.owlapi.reasoner.InconsistentOntologyException: org.semanticweb.owlapi.owllink.builtin.response.OWLlinkUnsatisfiableKBErrorResponseException: Ontology 'http://Konclude.com/Ontologies/UnnamedOntologies/0/a87c604d-f259-4133-828d-e73eed2a081f/' is inconsistent.
ore_ont_1965.owl,0.293,0.297,0.301,0.307,0.305,0.305,0.309,0.309,0.308,0.308,0.30419999999999997,0.306
ore_ont_15475.owl,0.315,0.319,0.319,0.312,0.314,0.315,0.313,0.313,0.311,0.312,0.3143,0.3135
ore_ont_8844.owl,0.199,0.198,0.198,0.198,0.196,0.198,0.197,0.202,0.197,0.196,0.19790000000000002,0.198
ore_ont_14191.owl,0.196,0.197,0.198,0.199,0.199,0.209,0.198,0.197,0.198,0.198,0.19890000000000002,0.198
ore_ont_9800.owl,0.054,0.051,0.052,0.052,0.052,0.052,0.05,0.049,0.05,0.05,0.0512,0.0515
ore_ont_4780.owl,0.234,0.237,0.249,0.239,0.242,0.245,0.243,0.245,0.249,0.24,0.2423,0.2425
ore_ont_3839.owl,0.076,0.076,0.073,0.073,0.074,0.073,0.073,0.074,0.073,0.075,0.074,0.0735
ore_ont_9257.owl,0.076,0.074,0.074,0.074,0.074,0.075,0.072,0.074,0.073,0.07,0.0736,0.074
ore_ont_10608.owl,0.033,0.031,0.03,0.034,0.03,0.031,0.03,0.031,0.031,0.031,0.0312,0.031
ore_ont_10991.owl,0.032,0.031,0.031,0.029,0.029,0.035,0.029,0.03,0.03,0.029,0.0305,0.03
ore_ont_14258.owl,0.071,0.068,0.058,0.064,0.061,0.059,0.059,0.061,0.058,0.059,0.0618,0.06
ore_ont_7488.owl,0.053,0.056,0.051,0.055,0.052,0.053,0.054,0.052,0.051,0.051,0.0528,0.0525
ore_ont_13124.owl,0.046,0.045,0.044,0.045,0.047,0.046,0.044,0.044,0.044,0.045,0.045,0.045
ore_ont_5841.owl,0.101,0.103,0.101,0.101,0.1,0.1,0.1,0.1,0.101,0.092,0.0999,0.1005
ore_ont_7195.owl,0.042,0.036,0.036,0.037,0.035,0.036,0.036,0.036,0.036,0.037,0.036699999999999997,0.036
ore_ont_16453.owl,0.022,0.021,0.022,0.022,0.02,0.021,0.02,0.021,0.02,0.02,0.020900000000000002,0.021
ore_ont_13949.owl,0.038,0.037,0.037,0.037,0.037,0.037,0.036,0.036,0.036,0.036,0.036699999999999997,0.037
ore_ont_15921.owl,0.016,0.015,0.014,0.016,0.015,0.016,0.014,0.015,0.015,0.015,0.0151,0.015
ore_ont_5492.owl,0.041,0.041,0.04,0.041,0.039,0.04,0.039,0.04,0.041,0.04,0.0402,0.04
ore_ont_1112.owl,0.041,0.04,0.04,0.04,0.04,0.041,0.04,0.039,0.04,0.04,0.040100000000000004,0.04
ore_ont_12665.owl,0.041,0.041,0.04,0.039,0.04,0.04,0.04,0.04,0.042,0.04,0.0403,0.04
ore_ont_9881.owl,0.03,0.029,0.028,0.027,0.029,0.028,0.028,0.028,0.028,0.028,0.0283,0.028
ore_ont_11411.owl,0.03,0.029,0.029,0.027,0.029,0.028,0.028,0.028,0.029,0.029,0.0286,0.029
ore_ont_10197.owl,0.032,0.029,0.029,0.029,0.028,0.028,0.028,0.028,0.028,0.028,0.0287,0.028
ore_ont_9386.owl,0.016,0.015,0.014,0.014,0.017,0.021,0.019,0.014,0.014,0.015,0.0159,0.015
ore_ont_16750.owl,0.018,0.024,0.023,0.019,0.017,0.016,0.016,0.017,0.019,0.016,0.0185,0.0175
ore_ont_950.owl,0.018,0.023,0.017,0.018,0.017,0.018,0.018,0.017,0.016,0.018,0.018,0.018
ore_ont_13991.owl,0.243,0.259,0.329,0.241,0.239,0.241,0.239,0.238,0.27,0.241,0.254,0.241
ore_ont_7203.owl,0.135,0.175,0.098,0.095,0.096,0.096,0.095,0.112,0.123,0.097,0.1122,0.0975
ore_ont_9596.owl,0.091,0.092,0.064,0.066,0.072,0.066,0.065,0.063,0.064,0.065,0.0708,0.0655
ore_ont_4609.owl,0.081,0.081,0.078,0.077,0.079,0.078,0.08,0.076,0.078,0.078,0.0786,0.078
ore_ont_15680.owl,0.08,0.078,0.077,0.078,0.077,0.077,0.076,0.077,0.078,0.078,0.0776,0.0775
ore_ont_8627.owl,0.035,0.034,0.035,0.036,0.035,0.034,0.034,0.035,0.035,0.034,0.0347,0.035
ore_ont_3781.owl,0.061,0.061,0.06,0.06,0.06,0.06,0.061,0.059,0.06,0.061,0.0603,0.06
ore_ont_7356.owl,0.062,0.064,0.059,0.06,0.061,0.06,0.059,0.059,0.06,0.06,0.060399999999999995,0.06
ore_ont_10425.owl,0.007,0.007,0.007,0.008,0.007,0.007,0.006,0.006,0.006,0.006,0.0067,0.007
ore_ont_4567.owl,1.03,1.031,1.062,1.048,1.054,1.055,1.045,1.038,1.029,1.029,1.0421,1.0415
ore_ont_10384.owl,0.043,0.042,0.042,0.043,0.042,0.043,0.043,0.042,0.042,0.042,0.0424,0.042
ore_ont_2624.owl,0.043,0.042,0.042,0.043,0.042,0.045,0.042,0.042,0.042,0.042,0.0425,0.042
ore_ont_22.owl,0.031,0.03,0.03,0.033,0.03,0.03,0.03,0.029,0.03,0.029,0.0302,0.03
ore_ont_8705.owl,0.077,0.083,0.076,0.076,0.076,0.076,0.075,0.076,0.078,0.086,0.0779,0.076
ore_ont_2578.owl,0.076,0.075,0.078,0.078,0.078,0.079,0.083,0.08,0.085,0.081,0.0793,0.0785
ore_ont_3516.owl,0.042,0.041,0.038,0.044,0.043,0.045,0.043,0.042,0.042,0.043,0.0423,0.042499999999999996
ore_ont_15063.owl,0.024,0.023,0.024,0.024,0.023,0.023,0.023,0.024,0.023,0.023,0.0234,0.023
ore_ont_8779.owl,0.018,0.016,0.015,0.016,0.015,0.016,0.016,0.016,0.016,0.015,0.0159,0.016
ore_ont_8882.owl,0.043,0.038,0.038,0.039,0.039,0.038,0.038,0.039,0.039,0.037,0.0388,0.0385
ore_ont_7345.owl,0.036,0.036,0.037,0.036,0.036,0.036,0.035,0.035,0.035,0.035,0.0357,0.036
ore_ont_9303.owl,org.semanticweb.owlapi.reasoner.InconsistentOntologyException: org.semanticweb.owlapi.owllink.builtin.response.OWLlinkUnsatisfiableKBErrorResponseException: Ontology 'http://Konclude.com/Ontologies/UnnamedOntologies/0/6c3c9088-97bb-40e8-a45a-f3671c958e76/' is inconsistent.
ore_ont_2792.owl,0.807,0.817,0.81,0.809,0.824,0.813,0.806,0.814,0.806,0.831,0.8137,0.8115
ore_ont_5721.owl,0.022,0.023,0.022,0.023,0.022,0.022,0.022,0.022,0.022,0.022,0.022199999999999998,0.022
ore_ont_802.owl,0.037,0.036,0.041,0.036,0.04,0.036,0.041,0.035,0.041,0.035,0.0378,0.0365
ore_ont_15871.owl,0.017,0.016,0.015,0.016,0.015,0.015,0.016,0.015,0.015,0.015,0.0155,0.015
ore_ont_205.owl,7.451,7.242,7.859,7.798,6.918,7.185,7.371,8.126,8.475,7.172,7.559699999999999,7.411
ore_ont_13082.owl,0.016,0.016,0.015,0.015,0.016,0.015,0.03,0.015,0.015,0.015,0.0168,0.015
ore_ont_4639.owl,0.038,0.037,0.035,0.035,0.035,0.035,0.035,0.035,0.035,0.035,0.035500000000000004,0.035
ore_ont_7251.owl,0.067,0.065,0.065,0.066,0.068,0.066,0.064,0.065,0.066,0.066,0.0658,0.066
ore_ont_10949.owl,1.802,1.788,1.786,1.8,1.8,1.802,1.785,1.806,1.782,1.795,1.7946,1.7974999999999999
ore_ont_8148.owl,0.841,0.84,0.821,0.832,0.843,0.824,0.828,0.864,0.848,0.83,0.8371,0.836
ore_ont_6792.owl,0.054,0.053,0.053,0.054,0.055,0.053,0.054,0.054,0.054,0.053,0.0537,0.054
ore_ont_1767.owl,0.095,0.105,0.099,0.096,0.093,0.095,0.099,0.1,0.093,0.093,0.0968,0.0955
ore_ont_12191.owl,2.441,2.502,2.226,2.316,2.242,3.263,2.265,2.282,2.273,2.273,2.4083,2.2775
ore_ont_3562.owl,0.178,0.164,0.16,0.168,0.163,0.16,0.163,0.162,0.162,0.164,0.1644,0.163
ore_ont_668.owl,0.806,0.77,0.766,0.825,0.77,0.804,0.785,0.78,0.786,0.812,0.7904,0.7855000000000001
ore_ont_8989.owl,org.semanticweb.owlapi.reasoner.InconsistentOntologyException: org.semanticweb.owlapi.owllink.builtin.response.OWLlinkUnsatisfiableKBErrorResponseException: Ontology 'http://Konclude.com/Ontologies/UnnamedOntologies/0/890761eb-7858-4184-869f-3ed57e7acb9e/' is inconsistent.
ore_ont_4127.owl,0.036,0.034,0.035,0.037,0.035,0.035,0.036,0.035,0.036,0.036,0.035500000000000004,0.035500000000000004
ore_ont_13690.owl,0.109,0.105,0.105,0.105,0.105,0.105,0.105,0.106,0.106,0.106,0.1057,0.105
ore_ont_4662.owl,0.099,0.096,0.097,0.097,0.096,0.097,0.096,0.097,0.096,0.095,0.0966,0.0965
ore_ont_257.owl,0.051,0.05,0.05,0.049,0.05,0.049,0.049,0.05,0.049,0.05,0.0497,0.05
ore_ont_13230.owl,0.052,0.052,0.053,0.049,0.05,0.051,0.05,0.052,0.051,0.048,0.0508,0.051
ore_ont_12284.owl,0.085,0.084,0.085,0.085,0.085,0.088,0.086,0.085,0.086,0.085,0.0854,0.085
ore_ont_11126.owl,org.semanticweb.owlapi.reasoner.InconsistentOntologyException: org.semanticweb.owlapi.owllink.builtin.response.OWLlinkUnsatisfiableKBErrorResponseException: Ontology 'http://Konclude.com/Ontologies/UnnamedOntologies/0/0ebd623d-38c4-417c-9fb0-40dc97cd2e58/' is inconsistent.
ore_ont_2719.owl,0.087,0.087,0.087,0.086,0.086,0.087,0.087,0.087,0.087,0.086,0.0867,0.087
ore_ont_9792.owl,0.13,0.125,0.122,0.122,0.123,0.123,0.123,0.124,0.123,0.121,0.1236,0.123
ore_ont_10080.owl,0.459,0.454,0.489,0.457,0.453,0.475,0.45,0.472,0.476,0.452,0.4637,0.458
ore_ont_8792.owl,0.117,0.116,0.116,0.116,0.117,0.116,0.116,0.109,0.112,0.112,0.11470000000000001,0.116
ore_ont_10951.owl,0.029,0.028,0.029,0.029,0.03,0.029,0.03,0.029,0.029,0.029,0.0291,0.029
ore_ont_5548.owl,Timeout
ore_ont_1743.owl,org.semanticweb.owlapi.owllink.OWLlinkReasonerIOException: Connection refused (Connection refused)
ore_ont_5368.owl,0.056,0.056,0.055,0.056,0.056,0.055,0.055,0.055,0.055,0.055,0.0554,0.055
ore_ont_9577.owl,37.774,36.084,31.992,32.821,35.464,25.593,23.849,31.177,31.899,32.133,31.8786,32.0625
ore_ont_4775.owl,0.036,0.033,0.032,0.032,0.034,0.032,0.032,0.031,0.032,0.033,0.0327,0.032
ore_ont_13052.owl,org.semanticweb.owlapi.reasoner.InconsistentOntologyException: org.semanticweb.owlapi.owllink.builtin.response.OWLlinkUnsatisfiableKBErrorResponseException: Ontology 'http://Konclude.com/Ontologies/UnnamedOntologies/0/20744b6d-202a-411e-9523-0eace472440a/' is inconsistent.
ore_ont_9739.owl,0.34,0.344,0.341,0.346,0.346,0.352,0.35,0.352,0.351,0.35,0.3472,0.348
ore_ont_239.owl,0.35,0.349,0.349,0.348,0.349,0.351,0.348,0.346,0.351,0.349,0.349,0.349
ore_ont_8441.owl,0.131,0.13,0.131,0.13,0.13,0.133,0.13,0.129,0.129,0.13,0.1303,0.13
ore_ont_7174.owl,0.133,0.131,0.129,0.13,0.129,0.129,0.128,0.128,0.129,0.128,0.12940000000000002,0.129
ore_ont_1954.owl,0.071,0.07,0.07,0.069,0.07,0.069,0.07,0.073,0.07,0.069,0.07010000000000001,0.07
ore_ont_11282.owl,0.301,0.297,0.299,0.299,0.295,0.298,0.297,0.292,0.294,0.292,0.2964,0.297
ore_ont_7706.owl,0.152,0.151,0.151,0.152,0.15,0.15,0.151,0.151,0.151,0.151,0.151,0.151
ore_ont_16542.owl,0.085,0.083,0.083,0.081,0.082,0.081,0.082,0.082,0.081,0.083,0.0823,0.082
ore_ont_14223.owl,0.106,0.104,0.106,0.107,0.106,0.105,0.104,0.105,0.107,0.105,0.1055,0.1055
ore_ont_11085.owl,3.033,2.979,3.019,3.001,2.993,2.975,2.973,3.001,3.006,2.967,2.9947,2.997
ore_ont_12452.owl,0.096,0.096,0.094,0.099,0.096,0.098,0.094,0.098,0.094,0.096,0.0961,0.096
ore_ont_9694.owl,0.092,0.09,0.092,0.091,0.091,0.091,0.091,0.091,0.09,0.091,0.091,0.091
ore_ont_14897.owl,0.222,0.221,0.222,0.224,0.226,0.223,0.223,0.223,0.222,0.225,0.2231,0.223
ore_ont_1330.owl,0.249,0.254,0.25,0.253,0.254,0.258,0.253,0.249,0.258,0.247,0.2525,0.253
ore_ont_12992.owl,0.144,0.14,0.141,0.143,0.143,0.141,0.139,0.139,0.143,0.14,0.1413,0.141
ore_ont_9684.owl,0.236,0.238,0.241,0.241,0.237,0.231,0.229,0.232,0.237,0.244,0.2366,0.237
ore_ont_10391.owl,0.044,0.04,0.04,0.04,0.04,0.039,0.039,0.04,0.039,0.039,0.04,0.04
ore_ont_13526.owl,0.04,0.039,0.039,0.039,0.041,0.039,0.038,0.038,0.039,0.039,0.0391,0.039
ore_ont_8480.owl,0.493,0.499,0.5,0.488,0.495,0.497,0.499,0.487,0.494,0.474,0.4926,0.4945
ore_ont_13233.owl,0.422,0.427,0.429,0.434,0.439,0.427,0.441,0.428,0.41,0.432,0.4289,0.4285
ore_ont_4049.owl,org.semanticweb.owlapi.reasoner.InconsistentOntologyException: org.semanticweb.owlapi.owllink.builtin.response.OWLlinkUnsatisfiableKBErrorResponseException: Ontology 'http://Konclude.com/Ontologies/UnnamedOntologies/0/54ae0653-439d-4dea-b03c-a2700aa67114/' is inconsistent.
ore_ont_6444.owl,0.045,0.043,0.047,0.043,0.044,0.043,0.042,0.043,0.043,0.044,0.043699999999999996,0.043
ore_ont_11311.owl,0.327,0.327,0.323,0.332,0.325,0.323,0.325,0.326,0.322,0.326,0.3256,0.3255
ore_ont_16703.owl,0.27,0.254,0.282,0.254,0.253,0.257,0.256,0.254,0.257,0.255,0.2592,0.2555
ore_ont_11597.owl,0.257,0.256,0.258,0.257,0.264,0.254,0.263,0.255,0.251,0.255,0.257,0.2565
ore_ont_13359.owl,0.259,0.26,0.261,0.261,0.256,0.259,0.263,0.254,0.255,0.264,0.2592,0.2595
ore_ont_7401.owl,0.308,0.305,0.308,0.307,0.31,0.313,0.304,0.306,0.302,0.307,0.307,0.307
ore_ont_1833.owl,0.108,0.105,0.104,0.104,0.103,0.111,0.103,0.111,0.106,0.107,0.1062,0.1055
ore_ont_1115.owl,0.292,0.266,0.279,0.263,0.26,0.269,0.274,0.278,0.281,0.299,0.2761,0.276
ore_ont_6478.owl,0.322,0.295,0.293,0.295,0.294,0.293,0.321,0.293,0.318,0.288,0.30119999999999997,0.2945
ore_ont_9347.owl,0.027,0.025,0.025,0.026,0.026,0.025,0.026,0.025,0.027,0.026,0.0258,0.026
ore_ont_13684.owl,0.322,0.325,0.321,0.324,0.324,0.324,0.322,0.322,0.322,0.322,0.32280000000000003,0.322
ore_ont_14909.owl,0.273,0.27,0.274,0.293,0.277,0.269,0.271,0.269,0.271,0.27,0.2737,0.271
ore_ont_15991.owl,0.054,0.05,0.05,0.053,0.05,0.05,0.049,0.051,0.05,0.05,0.0507,0.05
ore_ont_13136.owl,0.694,0.697,0.701,0.699,0.694,0.703,0.702,0.7,0.695,0.696,0.6980999999999999,0.698
ore_ont_1634.owl,0.689,0.69,0.689,0.691,0.697,0.687,0.7,0.687,0.68,0.7,0.691,0.6895
ore_ont_14012.owl,0.71,0.7,0.692,0.691,0.703,0.695,0.693,0.685,0.689,0.694,0.6951999999999999,0.6935
ore_ont_5253.owl,0.346,0.382,0.358,0.379,0.345,0.376,0.366,0.359,0.349,0.353,0.3613,0.3585
ore_ont_5193.owl,0.263,0.261,0.269,0.267,0.287,0.261,0.262,0.265,0.273,0.261,0.2669,0.264
ore_ont_5059.owl,0.405,0.4,0.392,0.395,0.395,0.397,0.402,0.4,0.415,0.4,0.4001,0.4
ore_ont_15536.owl,0.076,0.075,0.075,0.076,0.076,0.076,0.075,0.075,0.075,0.074,0.07529999999999999,0.075
ore_ont_10965.owl,0.372,0.372,0.372,0.382,0.371,0.386,0.37,0.37,0.372,0.367,0.3734,0.372
ore_ont_1840.owl,0.377,0.368,0.391,0.38,0.369,0.376,0.372,0.373,0.368,0.366,0.374,0.3725
ore_ont_4141.owl,org.semanticweb.owlapi.reasoner.InconsistentOntologyException: org.semanticweb.owlapi.owllink.builtin.response.OWLlinkUnsatisfiableKBErrorResponseException: Ontology 'http://Konclude.com/Ontologies/UnnamedOntologies/0/fac130e0-b11e-4034-b80c-35252467f5b7/' is inconsistent.
ore_ont_11110.owl,0.285,0.271,0.277,0.276,0.276,0.277,0.278,0.278,0.275,0.274,0.2767,0.2765
ore_ont_3737.owl,0.28,0.28,0.28,0.282,0.28,0.282,0.279,0.293,0.278,0.276,0.281,0.28
ore_ont_191.owl,0.285,0.274,0.278,0.286,0.295,0.28,0.282,0.283,0.281,0.277,0.2821,0.2815
ore_ont_7389.owl,0.02,0.019,0.019,0.019,0.021,0.019,0.018,0.019,0.019,0.018,0.0191,0.019
ore_ont_5544.owl,0.007,0.007,0.007,0.008,0.007,0.007,0.007,0.007,0.007,0.007,0.0071,0.007
ore_ont_7416.owl,0.316,0.318,0.317,0.308,0.321,0.325,0.338,0.332,0.333,0.313,0.3221,0.3195
ore_ont_7607.owl,0.012,0.013,0.012,0.011,0.011,0.011,0.011,0.011,0.01,0.011,0.0113,0.011
ore_ont_5103.owl,0.064,0.065,0.062,0.063,0.063,0.068,0.066,0.064,0.063,0.063,0.0641,0.0635
ore_ont_1966.owl,0.44,0.457,0.454,0.445,0.448,0.454,0.437,0.44,0.439,0.438,0.4452,0.4425
ore_ont_773.owl,0.398,0.391,0.416,0.412,0.394,0.428,0.393,0.398,0.409,0.405,0.4044,0.4015
ore_ont_7803.owl,0.364,0.362,0.397,0.381,0.361,0.369,0.359,0.362,0.369,0.373,0.3697,0.3665
ore_ont_2291.owl,0.377,0.37,0.372,0.383,0.38,0.384,0.412,0.416,0.413,0.412,0.39189999999999997,0.3835
ore_ont_15557.owl,0.44,0.436,0.434,0.403,0.426,0.428,0.43,0.431,0.431,0.431,0.429,0.431
ore_ont_3954.owl,0.446,0.446,0.442,0.44,0.463,0.438,0.438,0.439,0.45,0.44,0.4442,0.441
ore_ont_14543.owl,0.364,0.376,0.375,0.377,0.38,0.376,0.375,0.373,0.376,0.376,0.3748,0.376
ore_ont_6120.owl,0.294,0.289,0.296,0.297,0.301,0.29,0.291,0.299,0.289,0.279,0.2925,0.2925
ore_ont_5755.owl,0.459,0.46,0.463,0.465,0.478,0.465,0.521,0.471,0.515,0.462,0.4759,0.465
ore_ont_9567.owl,0.463,0.461,0.46,0.494,0.513,0.463,0.463,0.461,0.477,0.501,0.4756,0.463
ore_ont_15237.owl,0.015,0.015,0.015,0.016,0.015,0.014,0.014,0.014,0.014,0.014,0.0146,0.014499999999999999
ore_ont_12448.owl,0.389,0.389,0.37,0.392,0.39,0.389,0.388,0.39,0.392,0.388,0.3877,0.389
ore_ont_9046.owl,0.395,0.387,0.388,0.394,0.385,0.385,0.398,0.385,0.386,0.43,0.3933,0.3875
ore_ont_14556.owl,0.021,0.016,0.016,0.018,0.015,0.016,0.016,0.016,0.016,0.016,0.0166,0.016
ore_ont_7914.owl,3.002,3.16,3.027,2.763,3.016,3.303,2.863,2.93,3.026,2.865,2.9955,3.009
ore_ont_13708.owl,org.semanticweb.owlapi.reasoner.InconsistentOntologyException: org.semanticweb.owlapi.owllink.builtin.response.OWLlinkUnsatisfiableKBErrorResponseException: Ontology 'http://Konclude.com/Ontologies/UnnamedOntologies/0/7851b8c6-ba74-490a-adb2-bf71b84a80a5/' is inconsistent.
ore_ont_11457.owl,org.semanticweb.owlapi.reasoner.InconsistentOntologyException: org.semanticweb.owlapi.owllink.builtin.response.OWLlinkUnsatisfiableKBErrorResponseException: Ontology 'http://Konclude.com/Ontologies/UnnamedOntologies/0/7a26f508-21ee-4067-816f-0a404afe4b00/' is inconsistent.
ore_ont_16315.owl,0.838,0.851,0.818,0.893,0.845,0.858,0.836,0.845,0.835,0.857,0.8476,0.845
ore_ont_8723.owl,0.878,0.808,0.814,0.819,0.813,0.816,0.816,0.843,0.915,0.796,0.8318,0.816
ore_ont_16184.owl,org.semanticweb.owlapi.reasoner.InconsistentOntologyException: org.semanticweb.owlapi.owllink.builtin.response.OWLlinkUnsatisfiableKBErrorResponseException: Ontology 'http://Konclude.com/Ontologies/UnnamedOntologies/0/4a124615-b9ea-4a72-b3d1-8e93e7b816ca/' is inconsistent.
ore_ont_12522.owl,0.034,0.033,0.033,0.031,0.033,0.034,0.033,0.032,0.033,0.033,0.0329,0.033
ore_ont_1123.owl,org.semanticweb.owlapi.owllink.OWLlinkReasonerIOException: Connection refused (Connection refused)
ore_ont_3873.owl,0.476,0.472,0.463,0.468,0.477,0.476,0.471,0.472,0.47,0.472,0.4717,0.472
ore_ont_5781.owl,0.433,0.436,0.433,0.441,0.441,0.447,0.436,0.435,0.437,0.446,0.4385,0.4365
ore_ont_16511.owl,0.019,0.015,0.016,0.017,0.015,0.015,0.015,0.015,0.015,0.015,0.0157,0.015
ore_ont_11207.owl,0.134,0.131,0.131,0.132,0.133,0.133,0.134,0.131,0.138,0.132,0.13290000000000002,0.1325
ore_ont_6816.owl,0.396,0.392,0.404,0.392,0.391,0.393,0.394,0.374,0.373,0.386,0.3895,0.392
ore_ont_10127.owl,0.111,0.113,0.114,0.115,0.116,0.113,0.113,0.113,0.114,0.113,0.1135,0.113
ore_ont_8858.owl,0.469,0.472,0.459,0.486,0.482,0.484,0.476,0.492,0.478,0.489,0.4787,0.48
ore_ont_13928.owl,2.318,2.291,2.298,2.312,2.278,2.293,2.3,2.283,2.306,2.286,2.2965,2.2955
ore_ont_8068.owl,0.366,0.504,0.38,0.369,0.37,0.385,0.393,0.38,0.368,0.366,0.3881,0.375
ore_ont_14221.owl,0.105,0.095,0.098,0.097,0.097,0.096,0.095,0.096,0.096,0.099,0.0974,0.0965
ore_ont_2415.owl,0.564,0.559,0.553,0.545,0.547,0.549,0.548,0.539,0.543,0.549,0.5496000000000001,0.5485
ore_ont_14601.owl,0.122,0.125,0.121,0.123,0.121,0.124,0.12,0.122,0.124,0.121,0.12229999999999999,0.122
ore_ont_10068.owl,0.718,0.717,0.735,0.718,0.715,0.785,0.717,0.721,0.719,0.786,0.7331,0.7184999999999999
ore_ont_12414.owl,0.431,0.432,0.429,0.433,0.436,0.431,0.431,0.43,0.429,0.43,0.43119999999999997,0.431
ore_ont_11053.owl,0.14,0.138,0.138,0.137,0.137,0.137,0.138,0.134,0.137,0.137,0.1373,0.137
ore_ont_16235.owl,0.51,0.511,0.511,0.51,0.512,0.511,0.509,0.518,0.51,0.506,0.5108,0.5105
ore_ont_4033.owl,0.14,0.136,0.138,0.137,0.134,0.137,0.137,0.139,0.139,0.137,0.13740000000000002,0.137
ore_ont_15687.owl,41.066,75.695,38.403,67.366,57.884,52.484,30.965,74.639,51.929,51.66,54.2091,52.206500000000005
ore_ont_16767.owl,0.028,0.027,0.027,0.028,0.027,0.026,0.027,0.026,0.026,0.026,0.0268,0.027
ore_ont_14742.owl,1.035,1.088,1.067,1.069,1.082,1.076,1.065,1.077,1.083,1.073,1.0715,1.0745
ore_ont_1043.owl,0.492,0.484,0.502,0.507,0.49,0.501,0.485,0.503,0.493,0.482,0.4939,0.4925
ore_ont_955.owl,1.01,1.081,1.023,1.053,0.998,1.084,1.055,0.998,1.002,1.068,1.0372,1.0379999999999998
ore_ont_13969.owl,1.154,1.064,1.092,1.12,1.172,1.121,1.103,1.129,1.171,1.114,1.124,1.1205
ore_ont_12651.owl,1.137,1.107,1.173,1.12,1.087,1.085,1.154,1.17,1.117,1.104,1.1254,1.1185
ore_ont_4744.owl,1.139,1.177,1.159,1.141,1.129,1.142,1.168,1.16,1.122,1.153,1.149,1.1475
ore_ont_3733.owl,2.024,2.064,1.97,2.055,1.966,2.075,2.049,1.952,2.046,2.105,2.0306,2.0475
ore_ont_4054.owl,0.726,0.718,0.732,0.726,0.712,0.72,0.722,0.715,0.672,0.677,0.712,0.719
ore_ont_5358.owl,0.678,0.678,0.694,0.683,0.679,0.68,0.68,0.681,0.678,0.679,0.681,0.6795
ore_ont_14355.owl,0.46,0.473,0.46,0.455,0.456,0.466,0.456,0.457,0.458,0.457,0.4598,0.4575
ore_ont_15133.owl,0.494,0.515,0.511,0.493,0.527,0.494,0.48,0.502,0.484,0.48,0.498,0.494
ore_ont_11827.owl,0.482,0.501,0.484,0.483,0.502,0.483,0.483,0.481,0.483,0.483,0.4865,0.483
ore_ont_16286.owl,10.76,10.634,10.763,10.69,10.746,10.731,10.669,10.742,10.687,10.719,10.7141,10.725
ore_ont_11287.owl,org.semanticweb.owlapi.reasoner.InconsistentOntologyException: org.semanticweb.owlapi.owllink.builtin.response.OWLlinkUnsatisfiableKBErrorResponseException: Ontology 'http://Konclude.com/Ontologies/UnnamedOntologies/0/e6cfa178-972f-47d2-98c3-6f330f6849d0/' is inconsistent.
ore_ont_14154.owl,0.147,0.142,0.143,0.146,0.145,0.142,0.142,0.143,0.142,0.142,0.1434,0.1425
ore_ont_15725.owl,0.026,0.025,0.025,0.025,0.025,0.025,0.026,0.025,0.024,0.038,0.0264,0.025
ore_ont_11459.owl,1.078,1.067,1.084,1.068,1.077,1.08,1.066,1.062,1.081,1.062,1.0725,1.0725
ore_ont_6627.owl,3.579,3.441,3.712,3.447,4.02,3.384,3.355,3.6,3.521,3.628,3.5686999999999998,3.55
ore_ont_4242.owl,0.031,0.03,0.029,0.03,0.029,0.03,0.029,0.03,0.03,0.03,0.0298,0.03
ore_ont_8787.owl,0.741,0.726,0.725,0.736,0.742,0.73,0.727,0.724,0.732,0.728,0.7311,0.729
ore_ont_1370.owl,1.002,0.948,0.95,0.941,0.977,0.958,0.962,0.964,0.954,0.966,0.9621999999999999,0.96
ore_ont_4755.owl,0.515,0.511,0.511,0.511,0.513,0.509,0.512,0.514,0.512,0.514,0.5122,0.512
ore_ont_14861.owl,0.528,0.53,0.528,0.527,0.527,0.526,0.528,0.531,0.526,0.528,0.5279,0.528
ore_ont_15621.owl,0.036,0.035,0.034,0.038,0.035,0.034,0.035,0.038,0.035,0.035,0.035500000000000004,0.035
ore_ont_10838.owl,1.337,1.277,1.307,1.206,1.266,1.203,1.253,1.24,1.304,1.254,1.2647,1.26
ore_ont_318.owl,0.633,0.631,0.631,0.633,0.632,0.618,0.619,0.626,0.618,0.621,0.6262,0.6285000000000001
ore_ont_3087.owl,1.34,1.304,1.346,1.394,1.302,1.436,1.293,1.298,1.348,1.359,1.342,1.343
ore_ont_10697.owl,0.047,0.046,0.046,0.047,0.047,0.046,0.044,0.075,0.046,0.046,0.049,0.046
ore_ont_9767.owl,0.669,0.672,0.668,0.666,0.671,0.67,0.67,0.673,0.672,0.708,0.6739,0.6705000000000001
ore_ont_5418.owl,0.709,0.681,0.679,0.685,0.682,0.707,0.671,0.669,0.671,0.715,0.6869000000000001,0.6815
ore_ont_8194.owl,1.329,1.269,1.288,1.391,1.26,1.254,1.262,1.26,1.266,1.272,1.2851,1.2675
ore_ont_8475.owl,Timeout
ore_ont_2046.owl,0.19,0.189,0.19,0.188,0.187,0.19,0.189,0.189,0.192,0.189,0.1893,0.189
ore_ont_1182.owl,0.211,0.21,0.209,0.21,0.208,0.217,0.21,0.215,0.214,0.211,0.2115,0.2105
ore_ont_11745.owl,1.544,1.495,1.54,1.553,1.484,1.511,1.498,1.495,1.515,1.531,1.5166,1.513
ore_ont_4557.owl,0.278,0.27,0.275,0.271,0.268,0.273,0.269,0.27,0.271,0.269,0.27140000000000003,0.2705
ore_ont_11315.owl,1.853,1.829,1.899,1.921,1.866,1.789,1.795,1.804,1.788,1.847,1.8391,1.838
ore_ont_11899.owl,1.934,1.816,1.831,1.822,1.808,1.824,1.823,1.948,1.83,1.822,1.8458,1.8235000000000001
ore_ont_9400.owl,0.625,0.629,0.626,0.631,0.629,0.627,0.63,0.617,0.624,0.631,0.6269,0.628
ore_ont_5602.owl,0.286,0.286,0.286,0.286,0.282,0.285,0.284,0.284,0.285,0.284,0.2848,0.285
ore_ont_9768.owl,0.289,0.296,0.29,0.29,0.289,0.29,0.289,0.289,0.29,0.288,0.29,0.2895
ore_ont_15846.owl,2.45,2.414,2.433,2.442,2.426,2.332,2.601,2.449,2.354,2.469,2.437,2.4375
ore_ont_1579.owl,2.207,2.158,2.262,2.332,2.023,2.244,2.307,2.201,2.257,2.21,2.2201,2.2270000000000003
ore_ont_751.owl,1.332,1.311,1.321,1.324,1.311,1.315,1.322,1.316,1.316,1.314,1.3182,1.316
ore_ont_14216.owl,0.284,0.283,0.278,0.28,0.278,0.278,0.279,0.28,0.28,0.279,0.27990000000000004,0.2795
ore_ont_11464.owl,1.336,1.335,1.338,1.425,1.339,1.423,1.326,1.334,1.332,1.324,1.3512,1.3355000000000001
ore_ont_12901.owl,0.018,0.018,0.017,0.017,0.018,0.017,0.018,0.016,0.017,0.042,0.0198,0.0175
ore_ont_5769.owl,0.772,0.788,0.759,0.743,0.756,0.772,0.752,0.74,0.755,0.749,0.7586,0.7555000000000001
ore_ont_7557.owl,2.201,2.156,2.184,2.185,2.123,2.212,2.259,2.278,2.232,2.158,2.1988000000000003,2.193
ore_ont_5295.owl,2.298,2.358,2.383,2.294,2.275,2.299,2.257,2.286,2.292,2.237,2.2979,2.293
ore_ont_5481.owl,1.472,1.634,1.477,1.498,1.465,1.466,1.475,1.482,1.464,1.514,1.4947,1.476
ore_ont_10073.owl,1.526,1.507,1.501,1.498,1.459,1.463,1.46,1.453,1.472,1.456,1.4795,1.4675
ore_ont_5218.owl,2.461,2.482,2.494,2.461,2.467,2.484,2.43,2.435,2.46,2.412,2.4586,2.461
ore_ont_2253.owl,0.343,0.295,0.341,0.294,0.344,0.297,0.292,0.294,0.292,0.343,0.3135,0.296
ore_ont_2111.owl,1.984,2.009,1.982,1.977,1.99,1.974,1.973,1.978,1.979,1.989,1.9835,1.9805000000000001
ore_ont_1886.owl,0.355,0.356,0.356,0.375,0.358,0.377,0.354,0.355,0.357,0.348,0.3591,0.356
ore_ont_16701.owl,0.039,0.044,0.043,0.039,0.039,0.041,0.039,0.043,0.04,0.04,0.0407,0.04
ore_ont_3164.owl,0.034,0.034,0.033,0.033,0.036,0.033,0.032,0.033,0.032,0.033,0.0333,0.033
ore_ont_1199.owl,1.87,1.866,1.892,1.897,1.836,1.921,1.909,1.896,2.036,1.948,1.9071,1.8965
ore_ont_7993.owl,0.321,0.307,0.307,0.307,0.306,0.317,0.312,0.307,0.306,0.306,0.3096,0.307
ore_ont_12528.owl,1.785,1.789,1.792,1.786,1.804,1.971,1.78,1.779,1.954,1.792,1.8232,1.7905
ore_ont_13106.owl,0.062,0.062,0.062,0.062,0.061,0.064,0.061,0.062,0.062,0.061,0.0619,0.062
ore_ont_5760.owl,0.308,0.305,0.307,0.306,0.309,0.308,0.307,0.305,0.305,0.308,0.3068,0.307
ore_ont_10929.owl,0.02,0.017,0.017,0.017,0.022,0.017,0.016,0.018,0.018,0.017,0.0179,0.017
ore_ont_10380.owl,1.883,1.876,1.904,1.885,2.018,2.004,2.117,1.927,1.878,1.89,1.9382,1.8969999999999998
ore_ont_13846.owl,1.903,1.93,1.898,1.918,1.912,1.903,1.911,1.889,1.899,1.9,1.9062999999999999,1.903
ore_ont_2622.owl,0.036,0.034,0.033,0.036,0.034,0.036,0.033,0.036,0.034,0.033,0.0345,0.034
ore_ont_5519.owl,2.035,2.134,2.021,2.089,2.037,2.152,2.118,2.083,2.063,2.054,2.0786,2.0730000000000004
ore_ont_9027.owl,6.056,6.135,5.983,6.355,6.268,6.275,6.178,5.869,5.948,5.858,6.0925,6.0954999999999995
ore_ont_2513.owl,0.075,0.072,0.072,0.072,0.075,0.076,0.074,0.072,0.075,0.191,0.0854,0.0745
ore_ont_3658.owl,0.074,0.075,0.075,0.085,0.076,0.075,0.086,0.075,0.076,0.074,0.0771,0.075
ore_ont_9958.owl,0.345,0.346,0.357,0.357,0.353,0.34,0.345,0.347,0.345,0.344,0.3479,0.3455
ore_ont_4572.owl,0.016,0.016,0.016,0.017,0.017,0.016,0.016,0.016,0.016,0.015,0.0161,0.016
ore_ont_13591.owl,0.991,0.988,0.979,0.983,0.98,0.976,0.981,0.998,0.986,0.992,0.9853999999999999,0.9844999999999999
ore_ont_5596.owl,1.008,0.996,0.995,0.989,1.001,0.991,0.984,0.998,1.02,0.978,0.996,0.9955
ore_ont_6682.owl,6.156,6.124,6.197,6.211,6.229,6.2,6.192,6.209,6.211,6.083,6.1812000000000005,6.1985
ore_ont_3133.owl,0.073,0.073,0.231,0.071,0.072,0.073,0.231,0.073,0.072,0.07,0.10389999999999999,0.073
ore_ont_12203.owl,0.065,0.069,0.064,0.066,0.065,0.065,0.065,0.065,0.065,0.065,0.0654,0.065
ore_ont_5475.owl,1.822,1.816,1.805,1.821,1.812,1.828,1.979,1.801,1.811,1.803,1.8298,1.814
ore_ont_4187.owl,0.062,0.064,0.058,0.058,0.058,0.059,0.063,0.058,0.058,0.064,0.060200000000000004,0.058499999999999996
ore_ont_2486.owl,2.1,1.926,1.944,1.923,1.913,2.098,1.93,1.924,1.933,1.927,1.9618,1.9285
ore_ont_4412.owl,2.858,2.876,2.856,2.848,2.843,2.856,2.895,2.859,2.864,2.858,2.8613,2.858
ore_ont_16414.owl,0.084,0.083,0.083,0.084,0.084,0.092,0.083,0.088,0.08,0.086,0.0847,0.084
ore_ont_10125.owl,3.361,3.357,3.372,3.336,3.369,3.536,3.468,3.458,3.427,3.425,3.4109,3.3985
ore_ont_10568.owl,9.084,9.236,8.858,8.865,8.729,9.061,8.918,8.78,9.366,8.913,8.981,8.9155
ore_ont_12128.owl,7.228,7.275,7.227,7.048,7.07,7.042,7.35,7.08,7.013,7.03,7.1363,7.075
ore_ont_6233.owl,0.562,0.564,0.564,0.563,0.573,0.574,0.571,0.824,0.571,0.569,0.5934999999999999,0.57
ore_ont_1306.owl,0.633,0.636,0.635,0.629,0.634,0.635,0.648,0.64,0.634,0.635,0.6359,0.635
ore_ont_12351.owl,3.448,3.674,3.543,3.52,3.518,3.5,3.472,3.445,3.475,3.474,3.5069,3.4875
ore_ont_12567.owl,4.154,4.139,4.179,4.151,4.16,4.153,4.161,4.318,4.293,4.281,4.1989,4.1605
ore_ont_16457.owl,0.286,0.583,0.278,0.283,0.268,0.299,0.275,0.267,0.273,0.27,0.30820000000000003,0.2765
ore_ont_2574.owl,org.semanticweb.owlapi.owllink.OWLlinkReasonerIOException: Connection refused (Connection refused)
ore_ont_10750.owl,0.743,0.734,0.748,0.739,0.749,1.075,0.762,1.064,0.74,0.75,0.8104,0.7484999999999999
ore_ont_3914.owl,5.274,5.272,5.319,4.962,5.063,5.06,4.976,5.016,5.043,4.972,5.0957,5.0515
ore_ont_1012.owl,0.75,0.709,0.762,0.75,0.757,0.753,0.749,0.74,0.746,0.748,0.7464,0.7495
ore_ont_15280.owl,0.974,0.98,0.972,0.984,1.002,0.992,0.965,0.972,0.946,0.956,0.9742999999999999,0.973
ore_ont_13482.owl,1.043,1.049,1.052,1.109,1.119,1.105,1.1,1.063,1.1,1.092,1.0832,1.096
ore_ont_7192.owl,Timeout
