ore_ont_6461.owl,0.054,0.012,0.009,0.008,0.006,0.006,0.006,0.006,0.005,0.005,0.0117,0.006
ore_ont_8335.owl,0.084,0.045,0.032,0.024,0.02,0.01,0.016,0.013,0.008,0.008,0.026,0.018
ore_ont_2775.owl,0.084,0.029,0.041,0.032,0.02,0.018,0.018,0.015,0.013,0.013,0.0283,0.019
ore_ont_16827.owl,0.16,0.07,0.053,0.051,0.041,0.038,0.038,0.035,0.029,0.02,0.0535,0.0395
ore_ont_14588.owl,0.104,0.022,0.03,0.025,0.024,0.013,0.019,0.018,0.017,0.016,0.0288,0.0205
ore_ont_1524.owl,0.102,0.035,0.026,0.029,0.018,0.02,0.021,0.015,0.013,0.013,0.0292,0.0205
ore_ont_9462.owl,0.065,0.028,0.022,0.016,0.019,0.014,0.012,0.011,0.011,0.006,0.0204,0.015
ore_ont_15421.owl,0.153,0.058,0.053,0.047,0.037,0.038,0.032,0.03,0.017,0.016,0.0481,0.0375
ore_ont_7417.owl,0.092,0.035,0.044,0.031,0.021,0.021,0.02,0.018,0.018,0.016,0.0316,0.021
ore_ont_3936.owl,0.086,0.039,0.02,0.016,0.014,0.011,0.017,0.015,0.014,0.014,0.0246,0.0155
ore_ont_16723.owl,0.091,0.033,0.027,0.016,0.015,0.014,0.021,0.02,0.016,0.017,0.027,0.0185
ore_ont_13132.owl,0.309,1.078,0.14,0.118,0.667,0.656,0.111,0.111,0.629,0.647,0.4466,0.469
ore_ont_13885.owl,0.091,0.053,0.034,0.038,0.032,0.03,0.026,0.022,0.019,0.019,0.0364,0.031
ore_ont_16274.owl,0.088,0.027,0.043,0.033,0.016,0.021,0.013,0.01,0.015,0.01,0.0276,0.0185
ore_ont_3205.owl,0.088,0.02,0.019,0.025,0.023,0.018,0.017,0.017,0.017,0.014,0.0258,0.0185
ore_ont_16267.owl,0.154,0.043,0.055,0.049,0.041,0.021,0.02,0.03,0.031,0.03,0.0474,0.036
ore_ont_16630.owl,0.122,0.035,0.026,0.035,0.021,0.03,0.028,0.025,0.024,0.023,0.0369,0.027
ore_ont_16814.owl,0.303,0.157,0.116,0.098,0.095,0.07,0.08,0.062,0.058,0.09,0.1129,0.0925
ore_ont_16197.owl,0.105,0.04,0.032,0.016,0.024,0.022,0.019,0.016,0.012,0.013,0.0299,0.0205
ore_ont_12150.owl,0.087,0.045,0.039,0.016,0.022,0.018,0.01,0.01,0.01,0.015,0.0272,0.017
ore_ont_10894.owl,0.132,0.045,0.055,0.043,0.036,0.031,0.024,0.024,0.022,0.022,0.0434,0.0335
ore_ont_9928.owl,0.058,0.012,0.017,0.012,0.012,0.007,0.006,0.005,0.005,0.007,0.0141,0.0095
ore_ont_7789.owl,0.11,0.059,0.029,0.031,0.023,0.027,0.029,0.033,0.03,0.014,0.0385,0.0295
ore_ont_1988.owl,0.114,0.035,0.044,0.033,0.023,0.012,0.02,0.017,0.017,0.009,0.0324,0.0215
ore_ont_3281.owl,0.158,0.076,0.058,0.032,0.027,0.035,0.034,0.019,0.019,0.018,0.0476,0.033
ore_ont_11004.owl,0.108,0.03,0.024,0.026,0.024,0.02,0.02,0.018,0.012,0.011,0.0293,0.022
ore_ont_7800.owl,0.123,0.034,0.027,0.028,0.022,0.02,0.03,0.032,0.025,0.017,0.0358,0.0275
ore_ont_10199.owl,0.113,0.035,0.048,0.021,0.019,0.03,0.027,0.027,0.018,0.027,0.0365,0.027
ore_ont_3053.owl,openllet.core.exceptions.InconsistentOntologyException: Cannot do reasoning with inconsistent ontologies! Reason for inconsistency: An individual contains a minCardinality restriction that is greater than a maxCardinality restriction,,,,,,,,,,,
ore_ont_11203.owl,0.193,0.136,0.124,0.128,0.105,0.135,0.097,0.088,0.115,0.095,0.1216,0.1195
ore_ont_14379.owl,0.214,0.061,0.073,0.04,0.054,0.045,0.038,0.046,0.041,0.024,0.0636,0.0455
ore_ont_11533.owl,0.092,0.05,0.029,0.02,0.027,0.026,0.024,0.022,0.02,0.012,0.0322,0.025
ore_ont_11592.owl,0.114,0.049,0.021,0.015,0.022,0.017,0.011,0.012,0.011,0.011,0.0283,0.016
ore_ont_16670.owl,0.099,0.052,0.027,0.024,0.021,0.032,0.025,0.019,0.02,0.023,0.0342,0.0245
ore_ont_10580.owl,0.243,0.098,0.056,0.136,0.045,0.066,0.068,0.095,0.076,0.065,0.0948,0.072
ore_ont_6859.owl,0.115,0.034,0.041,0.031,0.024,0.02,0.018,0.01,0.009,0.014,0.0316,0.022
ore_ont_1866.owl,0.11,0.035,0.043,0.037,0.03,0.018,0.025,0.015,0.013,0.016,0.0342,0.0275
ore_ont_15068.owl,0.093,0.033,0.029,0.024,0.02,0.017,0.016,0.017,0.017,0.016,0.0282,0.0185
ore_ont_13129.owl,0.128,0.029,0.036,0.029,0.024,0.013,0.022,0.015,0.012,0.012,0.032,0.023
ore_ont_4035.owl,0.645,0.506,0.513,0.457,0.489,0.478,0.496,0.457,0.494,0.457,0.4992,0.4915
ore_ont_5074.owl,0.088,0.023,0.018,0.016,0.026,0.019,0.017,0.009,0.013,0.007,0.0236,0.0175
ore_ont_16033.owl,0.095,0.035,0.017,0.015,0.014,0.019,0.01,0.008,0.008,0.007,0.0228,0.0145
ore_ont_13799.owl,0.335,0.161,0.124,0.131,0.128,0.103,0.101,0.112,0.07,0.061,0.1326,0.118
ore_ont_10681.owl,0.077,0.023,0.019,0.027,0.023,0.02,0.013,0.011,0.01,0.01,0.0233,0.0195
ore_ont_12323.owl,0.137,0.069,0.052,0.027,0.034,0.031,0.032,0.032,0.029,0.016,0.0459,0.032
ore_ont_14800.owl,0.137,0.056,0.04,0.052,0.042,0.035,0.034,0.018,0.017,0.017,0.0448,0.0375
ore_ont_1430.owl,0.085,0.026,0.024,0.018,0.017,0.016,0.021,0.02,0.019,0.011,0.0257,0.0195
ore_ont_14175.owl,0.246,0.118,0.096,0.063,0.072,0.072,0.058,0.058,0.048,0.046,0.0877,0.0675
ore_ont_1898.owl,0.108,0.048,0.037,0.032,0.024,0.015,0.015,0.015,0.016,0.012,0.0322,0.02
ore_ont_5932.owl,0.104,0.053,0.04,0.028,0.021,0.018,0.018,0.013,0.011,0.01,0.0316,0.0195
ore_ont_4133.owl,0.207,0.085,0.063,0.052,0.052,0.042,0.037,0.038,0.036,0.039,0.0651,0.047
ore_ont_13872.owl,0.409,0.265,0.197,0.175,0.198,0.192,0.185,0.169,0.168,0.179,0.2137,0.1885
ore_ont_85.owl,0.117,0.055,0.042,0.035,0.031,0.028,0.027,0.019,0.023,0.013,0.039,0.0295
ore_ont_15103.owl,0.114,0.035,0.043,0.036,0.03,0.026,0.015,0.015,0.014,0.02,0.0348,0.028
ore_ont_13704.owl,0.101,0.03,0.016,0.022,0.021,0.019,0.017,0.01,0.011,0.015,0.0262,0.018
ore_ont_13833.owl,0.058,0.011,0.01,0.007,0.011,0.01,0.01,0.009,0.009,0.013,0.0148,0.01
ore_ont_15514.owl,28.892,42.032,46.401,44.112,28.759,44.726,43.694,29.221,47.276,28.409,38.3522,42.863
ore_ont_13584.owl,1.059,0.87,0.591,0.541,0.556,0.215,0.171,0.615,0.148,0.563,0.5329,0.5595
ore_ont_15291.owl,0.348,0.317,0.219,0.238,0.167,0.15,0.146,0.135,0.171,0.131,0.2022,0.169
ore_ont_5204.owl,0.191,0.082,0.059,0.038,0.028,0.057,0.031,0.037,0.031,0.029,0.0583,0.0375
ore_ont_10009.owl,0.13,0.061,0.03,0.024,0.033,0.031,0.027,0.027,0.023,0.022,0.0408,0.0285
ore_ont_568.owl,0.331,0.172,0.109,0.075,0.077,0.102,0.067,0.058,0.062,0.088,0.1141,0.0825
ore_ont_15058.owl,0.1,0.072,0.038,0.032,0.028,0.025,0.015,0.021,0.015,0.015,0.0361,0.0265
ore_ont_4719.owl,0.166,0.07,0.09,0.04,0.038,0.029,0.056,0.035,0.047,0.029,0.06,0.0435
ore_ont_3022.owl,0.14,0.063,0.045,0.023,0.021,0.029,0.026,0.025,0.023,0.021,0.0416,0.0255
ore_ont_12369.owl,0.113,0.041,0.032,0.036,0.034,0.031,0.027,0.026,0.024,0.023,0.0387,0.0315
ore_ont_5509.owl,0.068,0.016,0.02,0.01,0.015,0.014,0.012,0.013,0.011,0.011,0.019,0.0135
ore_ont_7988.owl,0.117,0.059,0.031,0.023,0.022,0.02,0.03,0.026,0.026,0.025,0.0379,0.026
ore_ont_15010.owl,0.312,0.128,0.379,0.216,0.171,0.081,0.191,0.06,0.137,0.15,0.1825,0.1605
ore_ont_12112.owl,0.096,0.033,0.029,0.024,0.035,0.02,0.018,0.017,0.014,0.014,0.03,0.022
ore_ont_13398.owl,1.286,1.002,1.044,1.001,0.972,1.088,1.006,1.047,0.944,1.107,1.0497,1.025
ore_ont_7011.owl,1.002,0.499,0.279,0.563,0.549,0.504,0.411,0.256,0.504,0.28,0.4847,0.5015
ore_ont_7179.owl,openllet.core.exceptions.InconsistentOntologyException: Cannot do reasoning with inconsistent ontologies! Reason for inconsistency: The literal value does not satisfy the datatype restriction,,,,,,,,,,,
ore_ont_15596.owl,0.588,0.219,0.198,0.21,0.218,0.178,0.242,0.167,0.151,0.115,0.2286,0.204
ore_ont_7894.owl,0.057,0.016,0.011,0.01,0.009,0.008,0.009,0.008,0.004,0.008,0.014,0.009
ore_ont_8975.owl,0.429,0.268,0.201,0.245,0.191,0.168,0.115,0.153,0.112,0.187,0.2069,0.189
ore_ont_10571.owl,0.465,0.219,0.219,0.272,0.219,0.15,0.239,0.241,0.177,0.214,0.2415,0.219
ore_ont_14185.owl,0.097,0.016,0.016,0.012,0.01,0.011,0.009,0.011,0.013,0.012,0.0207,0.012
ore_ont_9690.owl,0.127,0.052,0.045,0.036,0.03,0.018,0.018,0.015,0.014,0.016,0.0371,0.024
ore_ont_8362.owl,openllet.core.exceptions.InconsistentOntologyException: Cannot do reasoning with inconsistent ontologies! Reason for inconsistency: The literal value does not satisfy the datatype restriction,,,,,,,,,,,
ore_ont_12566.owl,0.294,0.122,0.134,0.104,0.097,0.105,0.085,0.053,0.068,0.096,0.1158,0.1005
ore_ont_2303.owl,0.128,0.042,0.039,0.054,0.04,0.039,0.038,0.04,0.026,0.023,0.0469,0.0395
ore_ont_13805.owl,0.741,0.435,0.232,0.292,0.196,0.183,0.177,0.377,0.258,0.306,0.3197,0.275
ore_ont_7668.owl,0.832,0.375,0.458,1.129,0.266,1.093,1.055,0.3,1.058,0.244,0.681,0.645
ore_ont_11978.owl,0.26,0.118,0.082,0.084,0.05,0.061,0.05,0.052,0.048,0.067,0.0872,0.064
ore_ont_1172.owl,0.231,0.086,0.143,0.12,0.084,0.086,0.077,0.076,0.076,0.076,0.1055,0.085
ore_ont_8502.owl,0.102,0.025,0.013,0.011,0.017,0.013,0.01,0.01,0.009,0.011,0.0221,0.012
ore_ont_3708.owl,0.177,0.066,0.05,0.044,0.037,0.034,0.03,0.028,0.028,0.026,0.052,0.0355
ore_ont_5033.owl,0.124,0.048,0.04,0.032,0.025,0.044,0.024,0.022,0.019,0.019,0.0397,0.0285
ore_ont_11416.owl,0.158,0.039,0.034,0.05,0.039,0.036,0.034,0.034,0.032,0.03,0.0486,0.035
ore_ont_1853.owl,0.139,0.077,0.039,0.029,0.027,0.025,0.037,0.028,0.028,0.025,0.0454,0.0285
ore_ont_14388.owl,0.349,0.207,0.137,0.076,0.078,0.073,0.104,0.101,0.094,0.074,0.1293,0.0975
ore_ont_13035.owl,0.492,0.167,0.193,0.176,0.167,0.176,0.136,0.1,0.115,0.111,0.1833,0.167
ore_ont_2526.owl,0.175,0.086,0.052,0.039,0.05,0.035,0.029,0.026,0.024,0.022,0.0538,0.037
ore_ont_12721.owl,0.167,0.071,0.056,0.039,0.037,0.029,0.028,0.025,0.022,0.024,0.0498,0.033
ore_ont_5205.owl,0.148,0.071,0.044,0.037,0.022,0.021,0.021,0.032,0.033,0.032,0.0461,0.0325
ore_ont_3411.owl,1.356,1.407,0.885,1.218,0.91,0.957,0.926,0.915,0.894,1.253,1.0721,0.9415
ore_ont_3966.owl,0.117,0.03,0.03,0.023,0.023,0.021,0.021,0.019,0.019,0.018,0.0321,0.022
ore_ont_1869.owl,0.16,0.056,0.039,0.035,0.031,0.026,0.026,0.024,0.025,0.023,0.0445,0.0285
ore_ont_6615.owl,0.167,0.087,0.08,0.055,0.051,0.047,0.039,0.038,0.041,0.037,0.0642,0.049
ore_ont_2608.owl,0.212,0.052,0.06,0.213,0.025,0.113,0.106,0.024,0.099,0.035,0.0939,0.0795
ore_ont_16481.owl,4.858,1.994,3.897,4.21,4.245,2.16,1.931,3.702,3.916,4.499,3.5412,3.9065
ore_ont_14883.owl,Timeout,,,,,,,,,,,
ore_ont_4875.owl,0.078,0.022,0.014,0.012,0.012,0.012,0.011,0.01,0.009,0.01,0.019,0.012
ore_ont_8460.owl,Timeout,,,,,,,,,,,
ore_ont_2744.owl,0.283,0.122,0.071,0.087,0.077,0.08,0.07,0.047,0.04,0.046,0.0923,0.074
ore_ont_1784.owl,0.848,0.421,0.303,0.454,0.448,0.293,0.254,0.236,0.366,0.248,0.3871,0.3345
ore_ont_4315.owl,0.304,0.176,0.218,0.186,0.199,0.154,0.145,0.184,0.174,0.168,0.1908,0.18
ore_ont_10314.owl,0.223,0.178,0.138,0.097,0.145,0.157,0.133,0.127,0.122,0.105,0.1425,0.1355
ore_ont_1537.owl,0.118,0.02,0.032,0.026,0.027,0.016,0.015,0.015,0.021,0.025,0.0315,0.023
ore_ont_15652.owl,0.12,0.044,0.041,0.031,0.026,0.024,0.014,0.018,0.011,0.01,0.0339,0.025
ore_ont_7342.owl,0.34,0.056,0.042,0.127,0.037,0.101,0.036,0.123,0.158,0.173,0.1193,0.112
ore_ont_3259.owl,0.311,0.27,0.228,0.222,0.219,0.215,0.202,0.181,0.168,0.197,0.2213,0.217
ore_ont_6258.owl,1.013,0.563,0.449,0.506,0.64,0.355,0.606,0.377,0.328,0.38,0.5217,0.4775
ore_ont_2556.owl,0.373,0.196,0.216,0.239,0.189,0.192,0.184,0.193,0.221,0.214,0.2217,0.205
ore_ont_5014.owl,openllet.core.exceptions.InconsistentOntologyException: Cannot do reasoning with inconsistent ontologies! Reason for inconsistency: The literal value does not satisfy the datatype restriction,,,,,,,,,,,
ore_ont_5216.owl,0.098,0.015,0.022,0.016,0.016,0.015,0.015,0.013,0.013,0.014,0.0237,0.015
ore_ont_6272.owl,2.306,2.552,2.591,1.257,1.144,2.519,2.452,2.469,1.237,1.089,1.9616,2.379
ore_ont_1705.owl,0.085,0.038,0.032,0.028,0.024,0.02,0.019,0.016,0.015,0.014,0.0291,0.022
ore_ont_13762.owl,0.08,0.023,0.031,0.017,0.022,0.013,0.017,0.021,0.019,0.02,0.0263,0.0205
ore_ont_934.owl,17.534,16.436,116.789,18.003,109.872,117.97,18.937,117.078,16.06,15.788,56.4467,18.47
ore_ont_586.owl,0.157,0.058,0.043,0.034,0.03,0.017,0.016,0.015,0.023,0.024,0.0417,0.027
ore_ont_6720.owl,openllet.core.exceptions.InconsistentOntologyException: Cannot do reasoning with inconsistent ontologies! Reason for inconsistency: An individual belongs to a type and its complement,,,,,,,,,,,
ore_ont_10320.owl,0.233,0.073,0.073,0.045,0.056,0.064,0.051,0.06,0.056,0.056,0.0767,0.058
ore_ont_6983.owl,0.237,0.111,0.069,0.077,0.068,0.064,0.06,0.065,0.062,0.06,0.0873,0.0665
ore_ont_11016.owl,0.196,0.142,0.12,0.108,0.086,0.072,0.07,0.053,0.038,0.06,0.0945,0.079
ore_ont_15682.owl,2.911,2.097,1.791,1.568,3.07,2.483,1.51,1.57,1.537,1.614,2.0151,1.7025
ore_ont_11577.owl,0.233,0.112,0.076,0.07,0.071,0.074,0.059,0.072,0.061,0.067,0.0895,0.0715
ore_ont_8948.owl,0.259,0.084,0.079,0.086,0.082,0.051,0.057,0.048,0.047,0.042,0.0835,0.068
ore_ont_16191.owl,0.265,0.12,0.098,0.071,0.072,0.065,0.059,0.038,0.038,0.041,0.0867,0.068
ore_ont_16115.owl,0.19,0.056,0.041,0.033,0.036,0.029,0.028,0.028,0.029,0.026,0.0496,0.031
ore_ont_5564.owl,0.209,0.124,0.079,0.052,0.043,0.042,0.042,0.045,0.045,0.04,0.0721,0.045
ore_ont_8355.owl,0.183,0.08,0.1,0.047,0.055,0.062,0.042,0.07,0.063,0.062,0.0764,0.0625
ore_ont_11694.owl,0.179,0.07,0.039,0.028,0.023,0.021,0.021,0.02,0.03,0.019,0.045,0.0255
ore_ont_155.owl,0.343,0.191,0.127,0.133,0.115,0.094,0.088,0.069,0.08,0.094,0.1334,0.1045
ore_ont_3726.owl,0.156,0.043,0.055,0.032,0.017,0.015,0.015,0.019,0.014,0.014,0.038,0.018
ore_ont_7278.owl,0.207,0.04,0.051,0.036,0.017,0.024,0.014,0.016,0.02,0.022,0.0447,0.023
ore_ont_2488.owl,0.298,0.148,0.106,0.109,0.099,0.099,0.103,0.092,0.082,0.085,0.1221,0.101
ore_ont_3566.owl,0.189,0.055,0.065,0.045,0.039,0.039,0.038,0.031,0.035,0.033,0.0569,0.039
ore_ont_1958.owl,1.194,0.46,0.544,0.351,0.697,0.389,0.486,0.309,0.576,0.477,0.5483,0.4815
ore_ont_10230.owl,0.185,0.061,0.054,0.048,0.045,0.039,0.035,0.03,0.029,0.029,0.0555,0.042
ore_ont_15753.owl,Timeout,,,,,,,,,,,
ore_ont_13898.owl,0.197,0.084,0.109,0.067,0.056,0.08,0.075,0.067,0.063,0.066,0.0864,0.071
ore_ont_6857.owl,0.265,0.189,0.116,0.087,0.091,0.069,0.072,0.101,0.074,0.079,0.1143,0.089
ore_ont_12932.owl,0.155,0.073,0.049,0.047,0.037,0.036,0.034,0.021,0.02,0.019,0.0491,0.0365
ore_ont_4983.owl,0.299,0.166,0.136,0.113,0.074,0.085,0.116,0.101,0.066,0.065,0.1221,0.107
ore_ont_13954.owl,5.36,0.805,3.951,0.677,0.807,0.779,0.768,3.677,0.658,3.517,2.0999,0.806
ore_ont_3010.owl,3.084,1.842,1.456,1.502,1.598,3.64,1.32,3.392,3.275,3.66,2.4769,2.463
ore_ont_1931.owl,0.335,0.135,0.094,0.11,0.097,0.088,0.087,0.083,0.083,0.078,0.119,0.091
ore_ont_15413.owl,0.339,0.182,0.148,0.094,0.095,0.07,0.067,0.091,0.126,0.098,0.131,0.0965
ore_ont_5324.owl,0.096,0.013,0.012,0.007,0.01,0.009,0.008,0.009,0.008,0.008,0.018,0.009
ore_ont_6278.owl,0.291,0.15,0.144,0.173,0.163,0.124,0.123,0.12,0.132,0.144,0.1564,0.144
ore_ont_14981.owl,0.136,0.034,0.046,0.037,0.035,0.033,0.03,0.027,0.015,0.014,0.0407,0.0335
ore_ont_5834.owl,5.831,4.669,4.447,1.737,1.61,4.414,4.684,4.846,4.713,1.561,3.8512,4.558
ore_ont_850.owl,2.844,1.74,1.438,4.308,4.393,1.55,1.664,4.287,1.534,1.52,2.5278,1.702
ore_ont_2826.owl,2.604,1.842,1.618,4.931,1.652,1.633,4.706,1.507,4.024,1.614,2.6131,1.747
ore_ont_10702.owl,2.317,1.105,4.074,4.025,4.28,0.831,4.148,4.008,4.529,4.033,3.335,4.029
ore_ont_3156.owl,2.156,1.455,4.354,0.92,4.035,4.477,4.747,0.821,4.401,4.694,3.206,4.1945
ore_ont_8042.owl,5.52,1.542,1.608,4.683,1.599,4.196,1.625,4.032,4.28,4.571,3.3656,4.114
ore_ont_8429.owl,0.335,0.139,0.117,0.123,0.112,0.092,0.099,0.078,0.071,0.115,0.1281,0.1135
ore_ont_4469.owl,0.494,0.359,0.334,0.379,0.353,0.261,0.141,0.23,0.185,0.202,0.2938,0.2975
ore_ont_12084.owl,0.351,0.18,0.148,0.096,0.116,0.108,0.096,0.096,0.091,0.065,0.1347,0.102
ore_ont_16425.owl,0.179,0.075,0.037,0.025,0.034,0.034,0.02,0.032,0.032,0.03,0.0498,0.033
ore_ont_8280.owl,openllet.core.exceptions.InconsistentOntologyException: Cannot do reasoning with inconsistent ontologies! Reason for inconsistency: An individual belongs to a type and its complement,,,,,,,,,,,
ore_ont_4400.owl,0.102,0.033,0.031,0.026,0.033,0.025,0.025,0.024,0.023,0.021,0.0343,0.0255
ore_ont_5539.owl,openllet.core.exceptions.InconsistentOntologyException: Cannot do reasoning with inconsistent ontologies! Reason for inconsistency: An individual belongs to a type and its complement,,,,,,,,,,,
ore_ont_10906.owl,openllet.core.exceptions.InconsistentOntologyException: Cannot do reasoning with inconsistent ontologies! Reason for inconsistency: An individual belongs to a type and its complement,,,,,,,,,,,
ore_ont_1397.owl,6.567,1.232,5.542,6.028,5.383,1.162,4.374,4.674,5.962,1.036,4.196,5.0285
ore_ont_8786.owl,2.18,1.339,5.364,1.117,5.507,1.105,5.102,1.101,1.197,5.783,2.9795,1.7595
ore_ont_237.owl,openllet.core.exceptions.InconsistentOntologyException: Cannot do reasoning with inconsistent ontologies! Reason for inconsistency: An individual belongs to a type and its complement,,,,,,,,,,,
ore_ont_5206.owl,openllet.core.exceptions.InconsistentOntologyException: Cannot do reasoning with inconsistent ontologies! Reason for inconsistency: An individual belongs to a type and its complement,,,,,,,,,,,
ore_ont_13880.owl,openllet.core.exceptions.InconsistentOntologyException: Cannot do reasoning with inconsistent ontologies! Reason for inconsistency: An individual belongs to a type and its complement,,,,,,,,,,,
ore_ont_16371.owl,0.784,0.513,0.317,0.279,0.32,0.283,0.206,0.216,0.26,0.272,0.345,0.281
ore_ont_13646.owl,0.456,0.288,0.266,0.141,0.14,0.16,0.168,0.195,0.143,0.139,0.2096,0.164
ore_ont_11477.owl,2.698,1.479,5.643,5.414,1.218,5.47,6.133,5.256,5.292,1.213,3.9816,5.274
ore_ont_10517.owl,0.706,0.498,0.342,0.223,0.422,0.369,0.322,0.275,0.259,0.211,0.3627,0.332
ore_ont_13112.owl,0.208,0.053,0.054,0.041,0.045,0.043,0.041,0.053,0.042,0.03,0.061,0.044
ore_ont_16255.owl,0.504,0.187,0.216,0.23,0.144,0.225,0.203,0.172,0.157,0.148,0.2186,0.195
ore_ont_13404.owl,0.36,0.143,0.105,0.135,0.126,0.125,0.078,0.113,0.102,0.077,0.1364,0.119
ore_ont_8387.owl,2.805,2.239,2.084,1.846,1.864,3.209,2.069,1.945,2.166,2.207,2.2434,2.125
ore_ont_5764.owl,1.001,0.675,0.463,0.483,0.637,0.539,0.509,0.464,0.333,0.489,0.5593,0.499
ore_ont_6951.owl,0.37,0.174,0.131,0.096,0.08,0.091,0.093,0.07,0.111,0.086,0.1302,0.0945
ore_ont_16372.owl,openllet.core.exceptions.InconsistentOntologyException: Cannot do reasoning with inconsistent ontologies! Reason for inconsistency: An individual is sameAs and differentFrom another individual at the same time,,,,,,,,,,,
ore_ont_12270.owl,0.55,0.278,0.244,0.238,0.17,0.184,0.181,0.174,0.194,0.166,0.2379,0.189
ore_ont_3344.owl,0.126,0.061,0.058,0.04,0.039,0.04,0.041,0.043,0.042,0.043,0.0533,0.0425
ore_ont_4961.owl,0.954,0.547,0.471,0.457,0.584,0.455,0.396,0.428,0.441,0.39,0.5123,0.456
ore_ont_11115.owl,0.281,0.085,0.104,0.077,0.086,0.103,0.095,0.093,0.054,0.06,0.1038,0.0895
ore_ont_1211.owl,0.114,0.045,0.073,0.054,0.056,0.037,0.026,0.026,0.026,0.024,0.0481,0.041
ore_ont_727.owl,0.117,0.066,0.061,0.059,0.054,0.032,0.03,0.025,0.024,0.025,0.0493,0.043
ore_ont_7327.owl,0.366,0.238,0.215,0.174,0.124,0.155,0.131,0.187,0.21,0.171,0.1971,0.1805
ore_ont_11572.owl,0.181,0.089,0.078,0.067,0.062,0.066,0.057,0.03,0.03,0.029,0.0689,0.064
ore_ont_7818.owl,0.167,0.103,0.053,0.065,0.051,0.058,0.044,0.035,0.035,0.04,0.0651,0.052
ore_ont_12892.owl,0.393,0.142,0.099,0.138,0.15,0.154,0.141,0.136,0.111,0.116,0.158,0.1395
ore_ont_15030.owl,0.432,0.327,0.257,0.2,0.187,0.128,0.179,0.2,0.192,0.16,0.2262,0.196
ore_ont_5688.owl,0.562,0.263,0.353,0.304,0.242,0.239,0.28,0.24,0.247,0.183,0.2913,0.255
ore_ont_6401.owl,0.811,0.398,0.416,0.357,0.366,0.348,0.284,0.246,0.265,0.241,0.3732,0.3525
ore_ont_13413.owl,1.528,1.263,1.288,1.289,1.174,1.223,1.223,1.254,1.232,1.225,1.2699,1.243
ore_ont_6923.owl,0.531,0.243,0.281,0.236,0.227,0.214,0.144,0.222,0.191,0.158,0.2447,0.2245
ore_ont_7007.owl,0.923,0.566,0.314,0.233,0.335,0.258,0.256,0.25,0.206,0.194,0.3535,0.257
ore_ont_14370.owl,0.846,0.36,0.345,0.32,0.351,0.375,0.348,0.396,0.357,0.287,0.3985,0.354
ore_ont_5078.owl,0.181,0.074,0.046,0.027,0.033,0.029,0.03,0.025,0.022,0.022,0.0489,0.0295
ore_ont_12965.owl,0.177,0.047,0.054,0.045,0.039,0.047,0.046,0.021,0.021,0.021,0.0518,0.0455
ore_ont_7483.owl,0.127,0.094,0.045,0.049,0.041,0.04,0.04,0.034,0.047,0.037,0.0554,0.043
ore_ont_8730.owl,0.203,0.079,0.071,0.067,0.103,0.059,0.052,0.057,0.052,0.052,0.0795,0.063
ore_ont_3503.owl,0.61,0.384,0.327,0.246,0.257,0.34,0.236,0.221,0.185,0.212,0.3018,0.2515
ore_ont_10026.owl,0.216,0.066,0.073,0.035,0.032,0.034,0.042,0.054,0.049,0.029,0.063,0.0455
ore_ont_14353.owl,0.404,0.192,0.286,0.26,0.198,0.196,0.194,0.156,0.216,0.198,0.23,0.198
ore_ont_16056.owl,11.357,10,9.518,4.163,9.757,9.864,1.8,10.012,10.601,10.265,8.7337,9.932
ore_ont_13405.owl,openllet.core.exceptions.InconsistentOntologyException: Cannot do reasoning with inconsistent ontologies! Reason for inconsistency: The literal value does not satisfy the datatype restriction,,,,,,,,,,,
ore_ont_8640.owl,0.631,0.244,0.323,0.249,0.287,0.222,0.326,0.245,0.229,0.158,0.2914,0.247
ore_ont_15741.owl,0.524,0.25,0.26,0.271,0.243,0.204,0.246,0.217,0.225,0.204,0.2644,0.2445
ore_ont_14285.owl,openllet.core.exceptions.InconsistentOntologyException: Cannot do reasoning with inconsistent ontologies! Reason for inconsistency: An individual belongs to a type and its complement,,,,,,,,,,,
ore_ont_14667.owl,2.172,2.028,2.016,1.769,1.778,1.769,1.709,1.814,1.722,1.662,1.8439,1.7735
ore_ont_8744.owl,0.12,0.087,0.076,0.079,0.082,0.068,0.065,0.046,0.04,0.039,0.0702,0.072
ore_ont_1117.owl,0.271,0.074,0.1,0.048,0.076,0.079,0.044,0.054,0.046,0.042,0.0834,0.064
ore_ont_9947.owl,0.233,0.095,0.08,0.058,0.077,0.07,0.047,0.054,0.036,0.034,0.0784,0.064
ore_ont_3545.owl,openllet.core.exceptions.InconsistentOntologyException: Cannot do reasoning with inconsistent ontologies! Reason for inconsistency: Invalid literal for the rdf:datatype attribute,,,,,,,,,,,
ore_ont_7778.owl,0.099,0.069,0.053,0.031,0.072,0.065,0.054,0.052,0.048,0.041,0.0584,0.0535
ore_ont_6817.owl,0.334,0.156,0.097,0.08,0.069,0.06,0.049,0.055,0.066,0.06,0.1026,0.0675
ore_ont_14912.owl,0.528,0.393,0.313,0.287,0.258,0.223,0.213,0.234,0.212,0.23,0.2891,0.246
ore_ont_9248.owl,1.035,0.653,0.691,0.446,0.569,0.47,0.455,0.494,0.425,0.424,0.5662,0.482
ore_ont_7817.owl,1.175,0.777,0.596,0.599,0.567,0.467,0.482,0.556,0.454,0.467,0.614,0.5615
ore_ont_6727.owl,1.197,0.664,0.797,0.569,0.559,0.495,0.533,0.528,0.469,0.511,0.6322,0.546
ore_ont_12325.owl,1.251,0.886,0.726,0.494,0.596,0.522,0.504,0.494,0.455,0.459,0.6387,0.513
ore_ont_5149.owl,0.303,0.088,0.055,0.061,0.076,0.048,0.044,0.052,0.045,0.072,0.0844,0.058
ore_ont_2749.owl,openllet.core.exceptions.InconsistentOntologyException: Cannot do reasoning with inconsistent ontologies! Reason for inconsistency: The literal value does not satisfy the datatype restriction,,,,,,,,,,,
ore_ont_8940.owl,0.838,0.454,0.419,0.354,0.201,0.223,0.251,0.236,0.229,0.189,0.3394,0.2435
ore_ont_7108.owl,1.299,1.214,0.976,0.907,0.813,0.684,0.739,0.677,0.719,0.703,0.8731,0.776
ore_ont_11635.owl,1.415,0.328,0.33,0.764,0.746,0.195,0.629,0.509,0.647,0.7,0.6263,0.638
ore_ont_572.owl,openllet.core.exceptions.InconsistentOntologyException: Cannot do reasoning with inconsistent ontologies! Reason for inconsistency: The literal value does not satisfy the datatype restriction,,,,,,,,,,,
ore_ont_3916.owl,openllet.core.exceptions.InconsistentOntologyException: Cannot do reasoning with inconsistent ontologies! Reason for inconsistency: The literal value does not satisfy the datatype restriction,,,,,,,,,,,
ore_ont_4903.owl,715.565,508.051,651.211,501.904,476.033,692.815,504.177,663.642,652.272,700.054,606.5724,651.7415
ore_ont_12916.owl,1.591,1.043,0.97,0.946,0.838,0.868,0.857,0.854,0.817,0.811,0.9595,0.8625
ore_ont_7743.owl,0.208,0.128,0.107,0.089,0.088,0.084,0.096,0.089,0.072,0.061,0.1022,0.089
ore_ont_13837.owl,3.558,2.052,2.455,2.53,1.923,2.018,2.394,2.269,2.172,2.338,2.3709,2.3035
ore_ont_7680.owl,0.258,0.108,0.132,0.087,0.078,0.055,0.063,0.068,0.052,0.058,0.0959,0.073
ore_ont_6822.owl,0.639,0.244,0.313,2.787,0.257,0.158,2.093,2.122,0.151,0.265,0.9029,0.289
ore_ont_6146.owl,0.793,0.382,0.565,0.493,0.365,0.27,0.221,0.291,0.217,0.269,0.3866,0.328
ore_ont_928.owl,0.932,0.649,0.475,0.511,0.489,0.449,0.487,0.492,0.435,0.424,0.5343,0.488
ore_ont_13755.owl,0.169,0.062,0.107,0.1,0.086,0.055,0.043,0.05,0.052,0.037,0.0761,0.0585
ore_ont_9053.owl,Timeout,,,,,,,,,,,
ore_ont_3381.owl,1.767,1.334,0.843,0.827,0.867,0.752,0.78,0.762,0.743,0.722,0.9397,0.8035
ore_ont_399.owl,1.788,1.162,0.837,0.818,0.839,0.845,0.76,0.768,0.74,0.769,0.9326,0.8275
ore_ont_13139.owl,0.372,0.199,0.148,0.153,0.137,0.103,0.108,0.088,0.074,0.077,0.1459,0.1225
ore_ont_14860.owl,openllet.core.exceptions.InconsistentOntologyException: Cannot do reasoning with inconsistent ontologies! Reason for inconsistency: The literal value does not satisfy the datatype restriction,,,,,,,,,,,
ore_ont_11910.owl,0.444,0.15,0.144,0.113,0.16,0.105,0.156,0.087,0.098,0.08,0.1537,0.1285
ore_ont_9249.owl,Timeout,,,,,,,,,,,
ore_ont_11626.owl,0.56,0.379,0.339,0.27,0.248,0.282,0.228,0.255,0.215,0.238,0.3014,0.2625
ore_ont_8933.owl,0.205,0.166,0.15,0.126,0.117,0.108,0.087,0.073,0.086,0.12,0.1238,0.1185
ore_ont_7372.owl,0.32,0.083,0.081,0.091,0.073,0.072,0.086,0.102,0.108,0.091,0.1107,0.0885
ore_ont_14863.owl,0.177,0.072,0.08,0.087,0.064,0.056,0.053,0.038,0.061,0.046,0.0734,0.0625
ore_ont_1065.owl,0.133,0.038,0.043,0.042,0.052,0.03,0.028,0.029,0.033,0.037,0.0465,0.0375
ore_ont_5669.owl,0.788,0.453,1.369,0.841,0.336,0.796,0.672,0.697,0.247,0.189,0.6388,0.6845
ore_ont_16509.owl,0.391,0.239,0.148,0.115,0.126,0.158,0.106,0.092,0.104,0.087,0.1566,0.1205
ore_ont_7180.owl,0.379,0.164,0.242,0.168,0.164,0.143,0.109,0.096,0.105,0.079,0.1649,0.1535
ore_ont_12000.owl,0.66,0.438,0.345,0.368,0.332,0.339,0.303,0.358,0.303,0.353,0.3799,0.349
ore_ont_16547.owl,0.61,0.379,0.387,0.388,0.357,0.375,0.305,0.369,0.306,0.374,0.385,0.3745
ore_ont_15184.owl,7.121,6.331,6.102,6.071,5.804,5.88,5.839,5.853,5.843,6.044,6.0888,5.962
ore_ont_13857.owl,6.739,6.247,6.112,5.978,6.084,6.167,5.862,6.051,6.016,5.955,6.1211,6.0675
ore_ont_14593.owl,7.204,6.412,6.211,6.512,6.263,6.19,6.209,6.145,6.409,6.254,6.3809,6.2585
ore_ont_9382.owl,7.057,6.518,6.311,6.369,6.447,6.134,6.229,6.373,6.154,6.023,6.3615,6.34
ore_ont_9558.owl,6.818,6.003,5.91,6.116,6.074,6.018,5.829,5.854,6.056,5.808,6.0486,6.0105
ore_ont_9758.owl,6.739,5.958,5.985,6.028,5.83,5.956,5.863,6.072,6.063,6.095,6.0589,6.0065
ore_ont_6815.owl,6.656,6.033,5.986,5.934,5.82,5.8,5.75,5.838,5.866,5.716,5.9399,5.852
ore_ont_2531.owl,6.919,6.263,6.293,6.291,6.373,6.115,6.181,6.302,6.242,6.098,6.3077,6.277
ore_ont_14331.owl,7.122,6.445,6.596,6.522,6.65,6.502,6.646,6.407,6.378,6.301,6.5569,6.512
ore_ont_253.owl,5.609,5.012,4.761,4.831,4.67,4.707,4.636,4.716,4.628,4.805,4.8375,4.7385
ore_ont_10423.owl,7.309,6.524,6.297,6.12,6.35,6.122,6.191,6.101,6.025,6.13,6.3169,6.1605
ore_ont_6354.owl,1.269,0.998,0.687,0.672,0.69,0.614,0.589,0.527,0.531,0.511,0.7088,0.643
ore_ont_4260.owl,0.321,0.15,0.126,0.131,0.097,0.079,0.112,0.087,0.078,0.081,0.1262,0.1045
ore_ont_15917.owl,0.635,0.486,0.468,0.245,0.223,0.215,0.222,0.19,0.208,0.175,0.3067,0.2225
ore_ont_15341.owl,0.632,0.341,0.237,0.256,0.29,0.222,0.196,0.224,0.183,0.207,0.2788,0.2305
ore_ont_13840.owl,0.621,0.33,0.31,0.271,0.218,0.264,0.238,0.217,0.188,0.214,0.2871,0.251
ore_ont_1539.owl,7.158,6.26,6.304,5.984,6.149,6.085,5.955,5.95,6.207,6.002,6.2054,6.117
ore_ont_14255.owl,6.995,6.298,6.124,6.198,6.3,6.017,6.031,5.957,6.042,6.426,6.2388,6.161
ore_ont_8326.owl,7.281,6.537,6.541,6.407,6.361,6.408,6.404,6.306,6.366,6.343,6.4954,6.4055
ore_ont_10588.owl,6.73,6.19,6.333,6.267,6.085,6.063,6.034,5.917,6.212,6.104,6.1935,6.147
ore_ont_8684.owl,7.118,6.358,6.193,6.304,6.227,6.061,6.177,6.281,6.236,5.999,6.2954,6.2315
ore_ont_13150.owl,6.914,6.2,6.052,5.944,6.186,6.192,6.905,6.71,6.103,5.904,6.311,6.189
ore_ont_259.owl,6.98,6.375,6.317,6.205,6.182,6.005,5.946,5.922,6.089,5.945,6.1966,6.1355
ore_ont_4162.owl,7.004,6.232,6.25,6.354,6.115,6.001,5.942,6.243,6.254,6.234,6.2629,6.2385
ore_ont_8359.owl,7.025,6.177,6.385,6.308,6.722,6.323,6.102,6.03,6.112,6.028,6.3212,6.2425
ore_ont_8286.owl,7.466,6.493,6.499,6.152,6.319,6.376,6.06,6.234,6.315,6.22,6.4134,6.317
ore_ont_4515.owl,6.951,6.229,6.208,6.091,5.946,6.028,6.142,5.928,5.867,5.759,6.1149,6.0595
ore_ont_12884.owl,6.805,6.051,6.311,6.35,6.255,6.185,6.066,6.16,6.183,6.412,6.2778,6.22
ore_ont_16565.owl,7.322,6.173,6.339,6.215,6.268,6.248,6.332,6.065,6.206,6.117,6.3285,6.2315
ore_ont_4581.owl,7.134,6.26,6.305,6.321,6.425,6.104,6.119,6.171,6.178,6.197,6.3214,6.2285
ore_ont_9186.owl,7.325,6.707,6.567,6.747,6.694,6.412,6.603,6.658,6.398,6.509,6.662,6.6305
ore_ont_15352.owl,6.997,6.657,6.337,6.195,6.308,6.298,6.244,6.35,6.272,6.767,6.4425,6.3225
ore_ont_8171.owl,7.406,6.694,6.452,6.492,6.709,6.504,6.256,6.161,6.212,6.281,6.5167,6.472
ore_ont_5543.owl,7.206,6.351,6.141,6.337,6.435,6.116,6.309,6.266,6.487,6.118,6.3766,6.323
ore_ont_9037.owl,7.356,6.491,6.338,6.147,6.451,6.454,6.697,6.429,6.524,6.548,6.5435,6.4725
ore_ont_7775.owl,3.421,2.759,2.749,2.79,2.702,2.714,2.636,5.415,5.474,2.661,3.3321,2.754
ore_ont_12474.owl,7.368,6.59,6.619,6.549,6.366,6.487,6.34,6.563,6.715,6.416,6.6013,6.556
ore_ont_13700.owl,0.892,1.094,0.667,0.553,0.447,0.607,0.565,0.497,0.476,0.467,0.6265,0.559
ore_ont_13851.owl,10.876,10.01,9.85,9.971,9.746,9.782,9.803,9.555,9.689,9.644,9.8926,9.7925
ore_ont_14919.owl,7.163,6.333,6.35,6.257,6.226,6.385,6.241,6.324,6.541,6.14,6.396,6.3285
ore_ont_8668.owl,12.14,11.015,10.662,10.389,10.223,10.387,10.166,10.626,10.112,10.734,10.6454,10.5075
ore_ont_11696.owl,10.932,10.333,9.92,10.03,10.205,10.102,9.711,10.729,10.376,10.29,10.2628,10.2475
ore_ont_16017.owl,11.247,10.469,10.473,10.828,9.531,9.42,10.112,9.996,9.868,9.699,10.1643,10.054
ore_ont_14183.owl,10.481,9.705,9.741,9.517,9.822,9.717,9.694,10.014,10.089,9.885,9.8665,9.7815
ore_ont_6847.owl,10.916,9.821,9.911,9.931,10.215,10.096,10.175,10.08,10.597,10.272,10.2014,10.1355
ore_ont_4958.owl,11.486,10.819,10.486,10.222,10.416,10.154,10.332,10.743,10.264,10.548,10.547,10.451
ore_ont_4429.owl,7.375,6.398,6.711,6.454,6.622,6.48,6.302,6.164,6.125,6.322,6.4953,6.426
ore_ont_10058.owl,10.876,10.013,10.276,10.645,10.51,10.27,10.575,10.323,9.83,9.788,10.3106,10.2995
ore_ont_3584.owl,7.7,6.519,6.314,6.482,6.647,6.351,6.421,6.93,6.331,6.411,6.6106,6.4515
ore_ont_4188.owl,10.667,9.952,9.588,9.943,9.829,10.15,10.285,9.912,9.725,10.525,10.0576,9.9475
ore_ont_4770.owl,11.34,10.356,9.863,9.937,9.659,9.858,9.849,9.521,9.756,9.519,9.9658,9.8535
ore_ont_7084.owl,6.92,6.411,6.567,6.409,6.513,6.414,6.268,6.473,6.355,6.374,6.4704,6.4125
ore_ont_11289.owl,10.566,9.887,9.55,9.18,9.55,9.541,9.216,9.41,9.582,9.577,9.6059,9.55
ore_ont_11948.owl,11.014,10.527,10.245,10.145,10.038,9.677,10.021,9.872,9.841,9.699,10.1079,10.0295
ore_ont_8719.owl,7.272,6.793,6.741,6.672,6.706,6.537,6.687,6.977,6.976,6.922,6.8283,6.767
ore_ont_14878.owl,11.888,10.925,10.493,10.464,10.121,9.903,10.384,10.257,10.394,10.162,10.4991,10.389
ore_ont_4092.owl,10.944,10.318,9.926,9.625,10.32,9.994,10.087,9.945,9.788,9.62,10.0567,9.9695
ore_ont_15355.owl,0.637,0.37,0.331,0.308,0.271,0.286,0.267,0.269,0.265,0.26,0.3264,0.2785
ore_ont_5298.owl,10.585,9.673,9.735,9.706,9.784,9.945,9.973,9.905,9.41,9.579,9.8295,9.7595
ore_ont_14237.owl,10.317,9.841,9.503,9.797,9.819,9.921,9.677,10.132,10.303,10.671,9.9981,9.881
ore_ont_13679.owl,7.537,6.763,6.774,6.799,6.75,6.661,6.727,6.497,6.437,6.472,6.7417,6.7385
ore_ont_7537.owl,10.996,10.006,10.018,9.754,9.834,9.829,9.556,9.398,9.731,9.313,9.8435,9.7915
ore_ont_5398.owl,10.15,9.54,9.439,9.7,10.138,10.045,9.735,9.73,9.56,9.618,9.7655,9.715
ore_ont_336.owl,11.892,11.688,11.479,11.757,11.865,11.468,11.478,11.055,10.695,10.531,11.3908,11.4785
ore_ont_9534.owl,7.436,6.887,6.902,6.806,6.629,6.568,6.567,6.712,6.836,6.858,6.8201,6.821
ore_ont_14286.owl,0.316,0.215,0.118,0.098,0.105,0.094,0.11,0.087,0.088,0.095,0.1326,0.1015
ore_ont_2213.owl,8.179,7.307,7.404,7.279,7.254,7.013,6.946,6.942,6.888,7.016,7.2228,7.135
ore_ont_11989.owl,6.653,6.381,6.29,6.247,6.33,6.235,6.152,6.17,6.196,6.149,6.2803,6.241
ore_ont_12468.owl,7.198,6.235,6.025,6.208,6.175,6.159,5.899,5.937,6.092,6.043,6.1971,6.1255
ore_ont_13674.owl,6.987,6.343,6.249,6.4,6.222,6.192,6.177,6.144,6.192,6.291,6.3197,6.2355
ore_ont_9896.owl,0.711,0.364,0.21,0.167,0.182,0.156,0.175,0.173,0.145,0.158,0.2441,0.174
ore_ont_3771.owl,0.247,0.094,0.106,0.142,0.126,0.135,0.079,0.062,0.071,0.073,0.1135,0.1
ore_ont_891.owl,11.186,10.6,10.473,10.301,10.08,10.13,10.562,10.212,10.257,10.473,10.4274,10.387
ore_ont_10892.owl,10.993,10.48,10.373,10.25,10.194,10.914,10.955,10.666,10.912,10.775,10.6512,10.7205
ore_ont_4423.owl,11.047,10.594,10.59,10.296,10.248,9.904,10.121,10.133,9.957,10.163,10.3053,10.2055
ore_ont_1062.owl,11.111,10.145,10.277,10.435,10.227,10.475,10.319,10.267,10.313,9.65,10.3219,10.295
ore_ont_14367.owl,8.607,8.271,8.033,8.244,8.29,8.155,8.776,8.372,8.568,8.646,8.3962,8.331
ore_ont_8688.owl,9.804,9.217,8.862,8.675,8.368,8.453,8.34,8.116,8.314,8.072,8.6221,8.4105
ore_ont_6892.owl,6.863,6.325,6.362,6.117,6.809,6.058,6.233,6.325,6.067,6.124,6.3283,6.279
ore_ont_7015.owl,0.19,0.059,0.075,0.062,0.082,0.05,0.07,0.06,0.057,0.066,0.0771,0.064
ore_ont_13078.owl,6.676,5.837,5.771,5.665,5.621,5.723,5.672,5.787,5.707,5.472,5.7931,5.715
ore_ont_7188.owl,6.916,6.284,5.66,5.702,5.631,5.559,5.586,5.6,5.692,5.862,5.8492,5.676
ore_ont_15013.owl,1.092,0.6,0.709,0.61,0.569,0.563,0.539,0.534,0.526,0.531,0.6273,0.566
ore_ont_4587.owl,12.279,11.581,11.129,10.838,11.229,11.303,10.736,11.11,11.474,11.263,11.2942,11.246
ore_ont_13336.owl,1.307,0.833,0.773,0.631,0.694,0.636,0.591,0.58,0.583,0.574,0.7202,0.6335
ore_ont_12152.owl,63.74,60.549,63.08,61.32,64.203,61.13,61.619,62.553,62.488,61.592,62.2274,62.0535
ore_ont_10481.owl,65.556,62.658,64.779,62.073,63.515,62.706,63.021,62.859,63.252,61.585,63.2004,62.94
ore_ont_16759.owl,60.632,58.143,60.561,59.602,59.148,60.386,59.682,58.753,59.512,59.538,59.5957,59.57
ore_ont_16124.owl,64.312,61.886,61.277,60.711,61.996,61.952,61.911,61.194,60.977,59.989,61.6205,61.5815
ore_ont_1469.owl,64.896,62.311,61.333,60.875,62.128,61.952,60.89,61.401,62.579,63.458,62.1823,62.04
ore_ont_11131.owl,1.269,1.205,0.783,0.902,0.746,0.787,0.759,0.792,0.747,0.754,0.8744,0.785
ore_ont_4182.owl,1.182,0.67,0.609,0.553,0.571,0.531,0.547,0.551,0.521,0.539,0.6274,0.552
ore_ont_11305.owl,openllet.core.exceptions.InconsistentOntologyException: Cannot do reasoning with inconsistent ontologies! Reason for inconsistency: An individual belongs to a type and its complement,,,,,,,,,,,
ore_ont_1965.owl,61.516,60.169,60.529,59.842,59.711,59.57,63.357,61.267,63.944,61.486,61.1391,60.898
ore_ont_15475.owl,69.729,66.704,66.524,68.357,67.433,67.492,67.981,67.407,72.57,67.499,68.1696,67.4955
ore_ont_8844.owl,85.376,82.956,82.933,82.436,84.234,82.914,84.783,87.026,84.565,84.411,84.1634,84.3225
ore_ont_14191.owl,86.714,80.078,85.023,86.306,83.209,83.931,83.762,83.377,81.864,81.215,83.5479,83.5695
ore_ont_9800.owl,1.619,0.746,0.604,0.592,0.587,0.61,0.622,0.577,0.593,0.578,0.7128,0.5985
ore_ont_4780.owl,90.092,84.64,86.883,85.852,84.842,83.875,84.87,85.183,86.665,83.96,85.6862,85.0265
ore_ont_3839.owl,0.337,0.348,0.258,0.222,0.214,0.206,0.214,0.199,0.213,0.215,0.2426,0.2145
ore_ont_9257.owl,0.387,0.221,0.217,0.251,0.214,0.215,0.187,0.212,0.21,0.208,0.2322,0.2145
ore_ont_10608.owl,0.835,0.599,0.397,0.44,0.371,0.333,0.338,0.317,0.312,0.335,0.4277,0.3545
ore_ont_10991.owl,0.595,0.269,0.306,0.275,0.217,0.181,0.177,0.17,0.164,0.16,0.2514,0.199
ore_ont_14258.owl,0.182,0.05,0.065,0.049,0.049,0.045,0.039,0.042,0.052,0.032,0.0605,0.049
ore_ont_7488.owl,0.569,0.223,0.181,0.215,0.158,0.14,0.19,0.132,0.136,0.128,0.2072,0.1695
ore_ont_13124.owl,0.885,0.659,0.673,0.656,0.586,0.567,0.557,0.555,0.574,0.566,0.6278,0.58
ore_ont_5841.owl,0.902,0.53,0.463,0.34,0.331,0.352,0.273,0.257,0.262,0.279,0.3989,0.3355
ore_ont_7195.owl,0.689,0.354,0.305,0.28,0.334,0.272,0.332,0.268,0.326,0.292,0.3452,0.3155
ore_ont_16453.owl,0.326,0.251,0.186,0.173,0.165,0.153,0.16,0.151,0.154,0.139,0.1858,0.1625
ore_ont_13949.owl,0.728,0.453,0.321,0.366,0.293,0.346,0.302,0.289,0.351,0.281,0.373,0.3335
ore_ont_15921.owl,0.442,0.383,0.283,0.238,0.218,0.171,0.172,0.163,0.173,0.161,0.2404,0.1955
ore_ont_5492.owl,0.196,0.154,0.075,0.103,0.105,0.082,0.076,0.048,0.046,0.06,0.0945,0.079
ore_ont_1112.owl,0.249,0.067,0.072,0.065,0.063,0.084,0.073,0.051,0.049,0.057,0.083,0.066
ore_ont_12665.owl,0.204,0.12,0.079,0.08,0.107,0.06,0.065,0.059,0.061,0.045,0.088,0.072
ore_ont_9881.owl,29.93,28.93,805.555,811.361,817.921,807.022,790.549,28.345,801.208,28.301,494.9122,795.8785
ore_ont_11411.owl,792.239,792.622,28.499,768.611,28.638,799.509,28.682,811.759,820.555,29.235,490.0349,780.425
ore_ont_10197.owl,783.352,781.644,27.983,27.989,771.12,796.466,800.78,28.955,28.681,797.537,484.4507,776.382
ore_ont_9386.owl,137.47,138.902,136.545,136.146,138.926,132.126,133.728,135.446,133.119,133.892,135.63,135.796
ore_ont_16750.owl,Timeout,,,,,,,,,,,
ore_ont_950.owl,7.101,28.807,28.406,5.665,28.797,28.286,28.436,5.4,5.325,5.426,17.1649,17.6935
ore_ont_13991.owl,9.943,8.841,8.832,8.912,8.793,8.757,8.917,8.881,8.815,8.982,8.9673,8.861
ore_ont_7203.owl,34.461,26.166,23.635,32.333,5.551,28.555,4.819,5.316,4.816,5.677,17.1329,14.656
ore_ont_9596.owl,0.465,0.24,0.204,0.154,0.132,0.145,0.13,0.145,0.128,0.142,0.1885,0.145
ore_ont_4609.owl,50.93,71.896,71.756,0.583,69.276,54.425,69.726,69.541,69.522,0.496,52.8151,69.399
ore_ont_15680.owl,1.505,0.656,0.574,0.516,0.501,52.545,72.062,71.319,0.477,48.38,24.8535,1.0805
ore_ont_8627.owl,7.535,5.098,5.139,5.826,6.381,4.959,6.334,5.542,8.332,6.088,6.1234,5.957
ore_ont_3781.owl,0.368,0.21,0.174,0.095,0.065,0.086,0.081,0.092,0.061,0.079,0.1311,0.089
ore_ont_7356.owl,0.688,0.618,0.512,0.281,0.264,0.243,0.237,0.271,0.251,0.24,0.3605,0.2675
ore_ont_10425.owl,0.284,0.085,0.087,0.077,0.068,0.06,0.11,0.071,0.058,0.055,0.0955,0.074
ore_ont_4567.owl,94.87,95.484,95.045,94.42,165.837,99.033,168.952,100.222,92.241,167.395,117.3499,97.2585
ore_ont_10384.owl,1.259,0.68,0.68,0.616,0.607,0.597,0.611,0.603,0.598,0.608,0.6859,0.6095
ore_ont_2624.owl,0.903,0.663,0.719,0.621,0.58,0.577,0.571,0.595,0.581,0.576,0.6386,0.588
ore_ont_22.owl,0.613,0.358,0.321,0.367,0.312,0.362,0.308,0.353,0.297,0.361,0.3652,0.3555
ore_ont_8705.owl,1.336,1.054,0.956,0.628,0.593,0.585,0.616,0.599,0.593,0.582,0.7542,0.6075
ore_ont_2578.owl,1.609,1.057,0.684,0.482,0.597,0.525,0.538,0.536,0.528,0.578,0.7134,0.558
ore_ont_3516.owl,5.935,5.56,5.416,5.408,5.408,5.55,5.308,5.372,5.538,5.411,5.4906,5.4135
ore_ont_15063.owl,6.878,5.275,5.581,1.447,5.457,5.403,1.357,1.33,1.408,4.593,3.8729,4.934
ore_ont_8779.owl,0.693,0.407,0.26,0.246,0.243,0.212,0.232,0.201,0.229,0.203,0.2926,0.2375
ore_ont_8882.owl,6.62,10.301,9.84,5.168,5.046,10.537,5.675,10.304,6.348,4.962,7.4801,6.484
ore_ont_7345.owl,0.223,0.096,0.096,0.079,0.08,0.06,0.085,0.05,0.071,0.059,0.0899,0.0795
ore_ont_9303.owl,openllet.core.exceptions.InconsistentOntologyException: Cannot do reasoning with inconsistent ontologies! Reason for inconsistency: The literal value does not satisfy the datatype restriction,,,,,,,,,,,
ore_ont_2792.owl,82.527,89.812,84.472,47.03,46.771,79.28,91.185,94.208,93.495,88.855,79.7635,86.6635
ore_ont_5721.owl,0.859,0.387,0.369,0.327,0.329,0.308,0.312,0.317,0.305,0.31,0.3823,0.322
ore_ont_802.owl,1.534,0.758,1.095,0.627,1.041,0.591,0.965,0.564,0.936,0.57,0.8681,0.847
ore_ont_15871.owl,openllet.core.exceptions.InconsistentOntologyException: Cannot do reasoning with inconsistent ontologies! Reason for inconsistency: The literal value does not satisfy the datatype restriction,,,,,,,,,,,
ore_ont_205.owl,Timeout,,,,,,,,,,,
ore_ont_13082.owl,openllet.core.exceptions.InconsistentOntologyException: Cannot do reasoning with inconsistent ontologies! Reason for inconsistency: The literal value does not satisfy the datatype restriction,,,,,,,,,,,
ore_ont_4639.owl,3.201,2.904,2.781,2.8,2.797,2.805,2.766,2.736,2.775,2.77,2.8335,2.789
ore_ont_7251.owl,0.29,0.176,0.102,0.095,0.091,0.092,0.085,0.094,0.076,0.086,0.1187,0.093
ore_ont_10949.owl,java.lang.StackOverflowError,,,,,,,,,,,
ore_ont_8148.owl,137.189,79.014,78.98,81.306,82.284,79.76,140.066,77.495,140.687,84.141,98.0922,81.795
ore_ont_6792.owl,109.631,102.376,207.343,97.94,97.098,93.669,94.602,112.456,110.423,94.73,112.0268,100.158
ore_ont_1767.owl,0.125,0.064,0.041,0.058,0.057,0.045,0.033,0.025,0.032,0.033,0.0513,0.043
ore_ont_12191.owl,192.385,293.797,288.422,197.92,302.314,328.719,299.733,193.254,285.179,275.133,265.6856,286.8005
ore_ont_3562.owl,10.183,7.068,6.774,7.863,8.468,7.571,12.029,8.776,10.831,8.289,8.7852,8.3785
ore_ont_668.owl,openllet.core.exceptions.InconsistentOntologyException: Cannot do reasoning with inconsistent ontologies! Reason for inconsistency: The literal value does not satisfy the datatype restriction,,,,,,,,,,,
ore_ont_8989.owl,openllet.core.exceptions.InconsistentOntologyException: Cannot do reasoning with inconsistent ontologies! Reason for inconsistency: The literal value does not satisfy the datatype restriction,,,,,,,,,,,
ore_ont_4127.owl,3.349,3.12,2.991,2.832,2.908,2.951,2.923,2.847,2.943,2.835,2.9699,2.933
ore_ont_13690.owl,1.419,1.123,0.74,0.738,0.681,0.684,0.651,0.675,0.689,0.668,0.8068,0.6865
ore_ont_4662.owl,0.228,0.251,0.198,0.116,0.093,0.098,0.091,0.116,0.089,0.095,0.1375,0.107
ore_ont_257.owl,openllet.core.exceptions.InconsistentOntologyException: Cannot do reasoning with inconsistent ontologies! Reason for inconsistency: The literal value does not satisfy the datatype restriction,,,,,,,,,,,
ore_ont_13230.owl,openllet.core.exceptions.InconsistentOntologyException: Cannot do reasoning with inconsistent ontologies! Reason for inconsistency: The literal value does not satisfy the datatype restriction,,,,,,,,,,,
ore_ont_12284.owl,0.478,0.284,0.205,0.18,0.151,0.162,0.149,0.161,0.151,0.161,0.2082,0.1615
ore_ont_11126.owl,openllet.core.exceptions.InconsistentOntologyException: Cannot do reasoning with inconsistent ontologies! Reason for inconsistency: The literal value does not satisfy the datatype restriction,,,,,,,,,,,
ore_ont_2719.owl,0.427,0.354,0.282,0.177,0.184,0.164,0.184,0.184,0.171,0.175,0.2302,0.184
ore_ont_9792.owl,0.734,0.434,0.339,0.363,0.341,0.34,0.334,0.335,0.337,0.336,0.3893,0.3395
ore_ont_10080.owl,Timeout,,,,,,,,,,,
ore_ont_8792.owl,0.537,0.24,0.264,0.201,0.226,0.292,0.207,0.177,0.152,0.18,0.2476,0.2165
ore_ont_10951.owl,Timeout,,,,,,,,,,,
ore_ont_1743.owl,6.636,6.033,5.854,5.814,5.617,5.839,5.953,6.874,6.251,6.897,6.1768,5.993
ore_ont_5368.owl,0.766,0.427,0.42,0.341,0.34,0.25,0.273,0.264,0.358,0.306,0.3745,0.3405
ore_ont_9577.owl,Timeout,,,,,,,,,,,
ore_ont_4775.owl,Timeout,,,,,,,,,,,
ore_ont_13052.owl,openllet.core.exceptions.InconsistentOntologyException: Cannot do reasoning with inconsistent ontologies! Reason for inconsistency: An individual contains a minCardinality restriction that is greater than a maxCardinality restriction,,,,,,,,,,,
ore_ont_9739.owl,Timeout,,,,,,,,,,,
ore_ont_239.owl,java.lang.StackOverflowError,,,,,,,,,,,
ore_ont_8441.owl,1.893,0.995,0.922,0.894,0.87,0.885,0.883,0.914,0.856,0.897,1.0009,0.8955
ore_ont_7174.owl,1.603,1.1,0.892,0.872,0.873,0.864,0.88,0.892,0.852,0.843,0.9671,0.8765
ore_ont_1954.owl,0.659,0.373,0.295,0.267,0.269,0.274,0.28,0.279,0.263,0.254,0.3213,0.2765
ore_ont_11282.owl,3.755,3.136,2.889,2.682,2.684,2.604,2.734,2.674,2.784,2.638,2.858,2.709
ore_ont_7706.owl,2.655,1.943,1.983,1.977,1.876,1.799,1.759,1.844,1.896,1.809,1.9541,1.886
ore_ont_16542.owl,Timeout,,,,,,,,,,,
ore_ont_14223.owl,1.926,1.247,0.997,1.011,0.919,0.95,0.96,0.915,0.923,0.917,1.0765,0.955
ore_ont_11085.owl,153.289,153.821,153.616,151.711,152.24,149.933,147.602,146.056,148.175,146.592,150.3035,150.822
ore_ont_12452.owl,1.294,0.834,0.681,0.561,0.602,0.574,0.66,0.607,0.532,0.576,0.6921,0.6045
ore_ont_9694.owl,Timeout,,,,,,,,,,,
ore_ont_14897.owl,Timeout,,,,,,,,,,,
ore_ont_1330.owl,54.919,53.039,57.875,55.203,59.663,53.384,53.488,53.122,53.326,52.833,54.6852,53.436
ore_ont_12992.owl,37.378,36.276,34.842,36.023,35.941,36.58,36.568,34.928,35.04,34.472,35.8048,35.982
ore_ont_9684.owl,Timeout,,,,,,,,,,,
ore_ont_10391.owl,3.279,2.488,2.277,2.342,2.408,2.26,2.179,2.389,2.23,2.182,2.4034,2.3095
ore_ont_13526.owl,3.353,2.717,2.423,2.491,2.522,2.678,2.372,2.445,2.355,2.472,2.5828,2.4815
ore_ont_8480.owl,Timeout,,,,,,,,,,,
ore_ont_13233.owl,Timeout,,,,,,,,,,,
ore_ont_4049.owl,openllet.core.exceptions.InconsistentOntologyException: Cannot do reasoning with inconsistent ontologies! Reason for inconsistency: The literal value does not satisfy the datatype restriction,,,,,,,,,,,
ore_ont_6444.owl,Timeout,,,,,,,,,,,
ore_ont_11311.owl,Timeout,,,,,,,,,,,
ore_ont_16703.owl,0.27,0.176,0.108,0.093,0.112,0.09,0.092,0.091,0.086,0.091,0.1209,0.0925
ore_ont_11597.owl,0.322,0.11,0.106,0.116,0.096,0.094,0.094,0.095,0.082,0.085,0.12,0.0955
ore_ont_13359.owl,0.287,0.161,0.154,0.138,0.118,0.122,0.121,0.113,0.11,0.108,0.1432,0.1215
ore_ont_7401.owl,19.522,18.559,18.765,17.87,18.673,17.995,17.808,18.658,18.029,18.508,18.4387,18.5335
ore_ont_1833.owl,1.661,0.95,0.826,0.766,0.741,0.727,0.761,0.693,0.727,0.692,0.8544,0.751
ore_ont_1115.owl,0.259,0.201,0.129,0.121,0.128,0.123,0.127,0.131,0.118,0.113,0.145,0.1275
ore_ont_6478.owl,0.329,0.203,0.157,0.12,0.128,0.121,0.136,0.117,0.114,0.124,0.1549,0.126
ore_ont_9347.owl,0.636,0.448,0.295,0.233,0.241,0.313,0.336,0.299,0.316,0.313,0.343,0.313
ore_ont_13684.owl,47.823,48.328,47.64,47.853,48.503,49.34,47.832,48.308,48.856,48.329,48.2812,48.318
ore_ont_14909.owl,1.134,0.854,0.843,0.685,0.656,0.734,0.591,0.564,0.654,0.686,0.7401,0.6855
ore_ont_15991.owl,Timeout,,,,,,,,,,,
ore_ont_13136.owl,Timeout,,,,,,,,,,,
ore_ont_1634.owl,Timeout,,,,,,,,,,,
ore_ont_14012.owl,Timeout,,,,,,,,,,,
ore_ont_5253.owl,3.91,2.087,1.754,0.853,1.575,0.862,0.804,0.803,0.825,0.841,1.4314,0.8575
ore_ont_5193.owl,1.843,1.226,1.261,1.22,1.329,1.318,1.227,1.435,1.459,1.215,1.3533,1.2895
ore_ont_5059.owl,2.599,2.071,1.93,2.083,2.07,1.879,1.888,1.998,1.953,1.984,2.0455,1.991
ore_ont_15536.owl,Timeout,,,,,,,,,,,
ore_ont_10965.owl,0.3,0.261,0.22,0.154,0.146,0.143,0.147,0.164,0.154,0.156,0.1845,0.155
ore_ont_1840.owl,0.447,0.247,0.208,0.151,0.147,0.154,0.147,0.158,0.148,0.15,0.1957,0.1525
ore_ont_4141.owl,openllet.core.exceptions.InconsistentOntologyException: Cannot do reasoning with inconsistent ontologies! Reason for inconsistency: An individual contains a minCardinality restriction that is greater than a maxCardinality restriction,,,,,,,,,,,
ore_ont_11110.owl,2.684,2.134,2.011,2.18,1.977,2.037,1.967,1.95,1.986,1.905,2.0831,1.9985
ore_ont_3737.owl,2.636,2.207,2.187,2.001,2,2.038,2.066,2.06,2.022,2.118,2.1335,2.063
ore_ont_191.owl,3.093,2.221,2.075,2.075,2.148,2.063,2.036,2.102,2.086,2.065,2.1964,2.0805
ore_ont_7389.owl,Timeout,,,,,,,,,,,
ore_ont_5544.owl,0.975,0.5,0.378,0.409,0.435,0.449,0.423,0.471,0.424,0.441,0.4905,0.438
ore_ont_7416.owl,Timeout,,,,,,,,,,,
ore_ont_7607.owl,1.088,0.862,0.675,0.701,0.735,0.703,0.641,0.673,0.648,0.629,0.7355,0.688
ore_ont_5103.owl,Timeout,,,,,,,,,,,
ore_ont_1966.owl,4.521,3.356,3.004,2.912,2.903,2.839,2.875,2.914,2.901,2.862,3.1087,2.9075
ore_ont_773.owl,0.397,0.317,0.294,0.224,0.219,0.214,0.211,0.213,0.218,0.216,0.2523,0.2185
ore_ont_7803.owl,8.114,75.659,81.352,5.9,6.145,421.841,java.lang.OutOfMemoryError: Java heap space,,,,,
ore_ont_2291.owl,1.606,0.988,1.024,0.826,0.788,0.792,0.809,0.808,0.774,1.023,0.9438,0.8175
ore_ont_15557.owl,1.359,0.84,0.892,0.884,0.901,0.801,0.844,0.819,0.819,0.927,0.9086,0.864
ore_ont_3954.owl,0.894,0.374,0.388,0.376,0.34,0.441,0.534,0.363,0.385,0.41,0.4505,0.3865
ore_ont_14543.owl,6.074,4.856,4.483,4.832,4.284,5.02,4.442,4.509,4.021,4.336,4.6857,4.496
ore_ont_6120.owl,7.173,5.715,5.386,4.861,5.105,5.155,5.401,4.843,4.92,4.828,5.3387,5.13
ore_ont_5755.owl,0.805,0.348,0.332,0.279,0.322,0.332,0.356,0.32,0.33,0.357,0.3781,0.332
ore_ont_9567.owl,0.822,0.378,0.269,0.378,0.322,0.329,0.353,0.298,0.295,0.372,0.3816,0.341
ore_ont_15237.owl,Timeout,,,,,,,,,,,
ore_ont_12448.owl,4.162,3.613,3.538,3.445,3.592,3.473,3.418,3.382,3.297,3.429,3.5349,3.459
ore_ont_9046.owl,3.007,2.604,2.397,2.628,2.45,2.319,2.511,2.346,2.549,2.439,2.525,2.4805
ore_ont_14556.owl,202.354,1428.178,182.192,1420.074,1445.515,1435.902,779.29,191.586,231.297,244.668,756.1056,511.979
ore_ont_7914.owl,Timeout,,,,,,,,,,,
ore_ont_13708.owl,openllet.core.exceptions.InconsistentOntologyException: Cannot do reasoning with inconsistent ontologies! Reason for inconsistency: An individual belongs to a type and its complement,,,,,,,,,,,
ore_ont_11457.owl,openllet.core.exceptions.InconsistentOntologyException: Cannot do reasoning with inconsistent ontologies! Reason for inconsistency: An individual belongs to a type and its complement,,,,,,,,,,,
ore_ont_16315.owl,Timeout,,,,,,,,,,,
ore_ont_8723.owl,Timeout,,,,,,,,,,,
ore_ont_16184.owl,openllet.core.exceptions.InconsistentOntologyException: Cannot do reasoning with inconsistent ontologies! Reason for inconsistency: An individual belongs to a type and its complement,,,,,,,,,,,
ore_ont_12522.owl,Timeout,,,,,,,,,,,
ore_ont_1123.owl,openllet.core.exceptions.InconsistentOntologyException: Cannot do reasoning with inconsistent ontologies! Reason for inconsistency: An individual belongs to a type and its complement,,,,,,,,,,,
ore_ont_3873.owl,3.071,2.503,2.54,2.574,2.415,2.462,2.514,2.359,2.418,2.333,2.5189,2.4825
ore_ont_5781.owl,285.265,282.535,278.698,285.787,279.377,288.509,281.537,293.42,275.773,272.217,282.3118,282.036
ore_ont_16511.owl,1.012,0.594,0.58,0.559,0.577,0.548,0.533,0.544,0.5,0.519,0.5966,0.5535
ore_ont_11207.owl,Timeout,,,,,,,,,,,
ore_ont_6816.owl,8.241,6.151,6.907,7.139,6.712,7.09,7.103,6.821,7.113,7.232,7.0509,7.0965
ore_ont_10127.owl,Timeout,,,,,,,,,,,
ore_ont_8858.owl,309.616,315.45,318.246,341.334,364.061,376.33,367.328,346.893,339.378,346.943,342.5579,344.1135
ore_ont_13928.owl,Timeout,,,,,,,,,,,
ore_ont_8068.owl,3.185,2.672,2.73,2.968,2.42,2.466,2.461,2.432,2.455,2.634,2.6423,2.55
ore_ont_14221.owl,Timeout,,,,,,,,,,,
ore_ont_2415.owl,13.486,7.985,8.017,14.74,14.684,12.519,12.169,11.921,11.917,7.864,11.5302,12.045
ore_ont_14601.owl,Timeout,,,,,,,,,,,
ore_ont_10068.owl,2.297,1.563,1.717,1.631,1.644,1.499,1.576,1.493,1.535,1.524,1.6479,1.5695
ore_ont_12414.owl,4.887,3.922,3.697,3.61,3.797,3.854,3.724,3.723,3.787,3.643,3.8644,3.7555
ore_ont_11053.owl,281.761,249.619,234.328,236.022,234.063,237.17,227.508,236.615,231.553,245.874,241.4513,236.3185
ore_ont_16235.owl,24.786,13.324,24.066,22.685,22.958,12.667,12.577,22.483,12.915,12.817,18.1278,17.9035
ore_ont_4033.owl,251.658,245.946,250.374,252.729,240.031,236.222,241.34,242.684,239.394,236.373,243.6751,242.012
ore_ont_15687.owl,Timeout,,,,,,,,,,,
ore_ont_16767.owl,Timeout,,,,,,,,,,,
ore_ont_14742.owl,Timeout,,,,,,,,,,,
ore_ont_1043.owl,143.106,144.838,147.189,147.535,148.155,146.656,146.667,150.224,150.938,148.076,147.3384,147.362
ore_ont_955.owl,Timeout,,,,,,,,,,,
ore_ont_13969.owl,107.481,104.35,101.919,101.753,100.952,101.615,101.353,99.143,100.298,99.473,101.8337,101.484
ore_ont_12651.owl,107.405,105.114,106.233,104.373,105.327,105.369,105.816,108.003,109.565,109.517,106.6722,106.0245
ore_ont_4744.owl,102.699,102.023,103.471,103.123,100.679,102.219,102.645,102.368,103.305,106.578,102.911,102.672
ore_ont_3733.owl,6.967,6.302,5.989,5.583,5.89,5.875,6.027,5.743,5.86,6.022,6.0258,5.9395
ore_ont_4054.owl,17.645,16.957,17.09,29.72,17.648,30.814,16.954,29.945,30.455,17.204,22.4432,17.6465
ore_ont_5358.owl,17.401,30.071,17.374,31.932,30.431,30.132,30.449,29.71,31.56,32.465,28.1525,30.2815
ore_ont_14355.owl,5.973,5.627,5.506,5.009,5.018,5.038,5.095,4.943,4.855,4.824,5.1888,5.028
ore_ont_15133.owl,9.027,8.184,8.384,8.113,7.956,7.984,7.969,7.888,8.213,7.987,8.1705,8.05
ore_ont_11827.owl,9.193,8.514,8.149,8.32,8.321,8.094,8.043,8.302,8.051,8.117,8.3104,8.2255
ore_ont_16286.owl,49.962,47.561,45.627,46.165,47.038,45.291,45.148,45.425,45.771,46.676,46.4664,45.968
ore_ont_11287.owl,openllet.core.exceptions.InconsistentOntologyException: Cannot do reasoning with inconsistent ontologies! Reason for inconsistency: The literal value does not satisfy the datatype restriction,,,,,,,,,,,
ore_ont_14154.owl,Timeout,,,,,,,,,,,
ore_ont_15725.owl,Timeout,,,,,,,,,,,
ore_ont_11459.owl,107.962,106.273,107.486,104.658,105.706,108.647,110.378,103.479,105.497,107.005,106.7091,106.639
ore_ont_6627.owl,Timeout,,,,,,,,,,,
ore_ont_4242.owl,Timeout,,,,,,,,,,,
ore_ont_8787.owl,90.915,92.281,92.917,92.897,92.538,93.365,91.645,89.416,90.978,93.748,92.07,92.4095
ore_ont_4755.owl,29.585,12.897,22.034,12.966,13.052,22.333,12.716,12.999,23.209,22.296,18.4087,17.543
ore_ont_14861.owl,24.046,13.248,13.577,13.335,java.lang.OutOfMemoryError: Java heap space,,,,,,,
ore_ont_15621.owl,Timeout,,,,,,,,,,,
ore_ont_10838.owl,Timeout,,,,,,,,,,,
ore_ont_318.owl,6.336,5.415,5.816,5.112,5.285,5.226,5.362,5.124,5.275,5.123,5.4074,5.28
ore_ont_3087.owl,Timeout,,,,,,,,,,,
ore_ont_10697.owl,Timeout,,,,,,,,,,,
ore_ont_9767.owl,6.235,5.574,5.3,5.161,5.294,5.238,5.275,5.276,5.188,5.206,5.3747,5.2755
ore_ont_5418.owl,6.467,6.63,6.08,5.855,5.867,5.845,5.675,5.85,5.916,5.731,5.9916,5.861
ore_ont_8194.owl,31.74,29.493,28.773,94.346,29.777,28.349,77.523,68.308,29.854,32.216,45.0379,30.797
ore_ont_8475.owl,Timeout,,,,,,,,,,,
ore_ont_2046.owl,336.372,332.231,336.174,335.16,335.364,335.823,328.752,333.279,337.071,342.353,335.2579,335.5935
ore_ont_11745.owl,Timeout,,,,,,,,,,,
ore_ont_4557.owl,582.833,587.736,585.368,582.928,575.224,583.545,575.848,573.526,579.339,583.666,581.0013,582.8805
ore_ont_11315.owl,24.713,39.448,39.917,23.461,23.407,38.838,22.977,22.38,23.562,39.244,29.7947,24.1375
ore_ont_11899.owl,Timeout,,,,,,,,,,,
ore_ont_9400.owl,77.639,80.13,76.956,77.05,76.819,76.778,76.343,76.488,76.314,76.231,77.0748,76.7985
ore_ont_5602.owl,648.074,639.729,651.285,653.719,641.838,635.299,638.621,635.798,638.537,648.785,643.1685,640.7835
ore_ont_9768.owl,621.006,625.538,618.783,607.9,606.711,622.012,624.751,611.742,610.204,615.294,616.3941,617.0385
ore_ont_15846.owl,Timeout,,,,,,,,,,,
ore_ont_1579.owl,Timeout,,,,,,,,,,,
ore_ont_751.owl,8.012,7.506,7.31,7.667,7.477,7.198,6.938,7.066,6.971,7.162,7.3307,7.254
ore_ont_14216.owl,589.735,598.432,612.441,622.23,625.909,584.21,618.681,616.832,614.414,620.859,610.3743,615.623
ore_ont_11464.owl,0.608,0.428,0.418,0.459,0.397,0.321,0.31,0.319,0.34,0.314,0.3914,0.3685
ore_ont_12901.owl,Timeout,,,,,,,,,,,
ore_ont_5769.owl,Timeout,,,,,,,,,,,
ore_ont_7557.owl,Timeout,,,,,,,,,,,
ore_ont_5295.owl,Timeout,,,,,,,,,,,
ore_ont_5481.owl,5.11,4.757,4.361,4.345,4.345,4.402,4.303,4.401,4.289,4.395,4.4708,4.378
ore_ont_10073.owl,5.188,4.612,4.457,4.483,4.566,4.372,4.334,4.311,4.241,4.109,4.4673,4.4145
ore_ont_5218.owl,Timeout,,,,,,,,,,,
ore_ont_2253.owl,769.818,772.573,775.186,770.348,776.142,772.371,767.097,755.279,769.261,756.232,768.4307,770.083
ore_ont_2111.owl,Timeout,,,,,,,,,,,
ore_ont_1886.owl,8.364,8.128,8.163,8.119,8.349,7.968,7.96,8.147,8.191,8.227,8.1616,8.155
ore_ont_16701.owl,Timeout,,,,,,,,,,,
ore_ont_3164.owl,Timeout,,,,,,,,,,,
ore_ont_1199.owl,Timeout,,,,,,,,,,,
ore_ont_7993.owl,763.994,786.715,783.739,790.005,773.862,774.133,892.162,767.938,775.071,786.462,789.4081,779.405
ore_ont_13106.owl,Timeout,,,,,,,,,,,
ore_ont_5760.owl,794.846,782.244,789.484,789.402,789.655,786.299,785.692,792.57,784.275,778.416,787.2883,787.8505
ore_ont_10929.owl,Timeout,,,,,,,,,,,
ore_ont_13846.owl,20.347,17.759,17.345,16.971,17.381,17.906,17.584,17.07,16.616,17.662,17.6641,17.4825
ore_ont_2622.owl,Timeout,,,,,,,,,,,
ore_ont_5519.owl,33.217,32.061,42.6,52.758,46.735,28.938,29.153,29.237,28.841,28.731,35.2271,30.649
ore_ont_9027.owl,540.467,114.427,114.053,657.324,402.304,128.552,125.248,106.732,890.485,408.96,348.8552,265.428
ore_ont_2513.owl,Timeout,,,,,,,,,,,
ore_ont_3658.owl,Timeout,,,,,,,,,,,
ore_ont_9958.owl,Timeout,,,,,,,,,,,
ore_ont_4572.owl,1.508,1.025,0.982,1.015,0.967,0.997,1.006,1.038,0.954,1.004,1.0496,1.005
ore_ont_13591.owl,2.841,2.687,2.587,2.547,2.737,2.575,2.566,2.533,2.505,2.542,2.612,2.5705
ore_ont_5596.owl,5.604,5.523,5.367,5.42,5.581,5.168,5.244,5.916,5.365,5.134,5.4322,5.3935
ore_ont_6682.owl,136.443,636.649,621.902,951.944,483.021,java.lang.OutOfMemoryError: Java heap space,,,,,,
ore_ont_3133.owl,Timeout,,,,,,,,,,,
ore_ont_12203.owl,Timeout,,,,,,,,,,,
ore_ont_5475.owl,14.212,13.392,13.377,13.607,13.318,13.417,13.459,12.881,13.006,12.554,13.3223,13.3845
ore_ont_4187.owl,Timeout,,,,,,,,,,,
ore_ont_4412.owl,22.636,21.111,17.837,21.534,22.499,18.42,13.788,14.617,15.453,19.356,18.7251,18.888
ore_ont_10568.owl,Timeout,,,,,,,,,,,
ore_ont_12128.owl,Timeout,,,,,,,,,,,
ore_ont_6233.owl,Timeout,,,,,,,,,,,
ore_ont_1306.owl,Timeout,,,,,,,,,,,
ore_ont_2574.owl,Timeout,,,,,,,,,,,
ore_ont_10750.owl,Timeout,,,,,,,,,,,
ore_ont_3914.owl,203.284,214.633,381.681,223.193,379.706,218.723,220.139,377.898,394.189,212.599,282.6045,221.666
ore_ont_1012.owl,Timeout,,,,,,,,,,,
ore_ont_15280.owl,Timeout,,,,,,,,,,,
ore_ont_11124.owl,java.lang.OutOfMemoryError: Java heap space,,,,,,,,,,,
ore_ont_5548.owl,Timeout,,,,,,,,,,,
ore_ont_1370.owl,java.util.ConcurrentModificationException,,,,,,,,,,,
ore_ont_1182.owl,Timeout,,,,,,,,,,,
ore_ont_12528.owl,java.util.ConcurrentModificationException,,,,,,,,,,,
ore_ont_10380.owl,java.util.ConcurrentModificationException,,,,,,,,,,,
ore_ont_2486.owl,java.util.ConcurrentModificationException,,,,,,,,,,,
ore_ont_16414.owl,java.lang.OutOfMemoryError: Java heap space,,,,,,,,,,,
ore_ont_10125.owl,java.util.ConcurrentModificationException,,,,,,,,,,,
ore_ont_12351.owl,java.lang.OutOfMemoryError: Java heap space,,,,,,,,,,,
ore_ont_12567.owl,java.util.ConcurrentModificationException,,,,,,,,,,,
ore_ont_16457.owl,Timeout,,,,,,,,,,,
ore_ont_13482.owl,java.lang.OutOfMemoryError: Java heap space,,,,,,,,,,,
ore_ont_7192.owl,java.lang.OutOfMemoryError: Java heap space,,,,,,,,,,,
