Ontology,Classes,Individuals,Axioms,Logical Axioms,TBox,ABox,RBox,Data Properties,Object Properties,Annotation Properties,Profiles,Unnamed: 12,Factpp_Realization,HermiT_Realization,JFact_Realization,Konclude_Realization,Openllet_Realization,Pellet_Realization,KoncludeCLI_Realization
ore_ont_6461.owl,53,0,318,264,135,128,1,0,1,0,OWL2_DL - OWL2_FULL,OWL2_DL,0.0011,0.0586,0.0491,0.0057,0.0117,0.008,0.0202
ore_ont_8335.owl,116,0,426,305,132,166,7,0,5,0,OWL2_DL - OWL2_FULL,OWL2_DL,0.0017,0.2793,0.0666,0.0056,0.026,0.0262,0.023
ore_ont_2775.owl,116,0,426,305,132,166,7,0,5,0,OWL2_DL - OWL2_FULL,OWL2_DL,0.0017,0.2837,0.0634,0.0059,0.0283,0.0226,0.023
ore_ont_16827.owl,80,99,442,269,166,103,0,0,93,0,OWL2_DL - OWL2_QL - OWL2_EL - OWL2_RL - OWL2_FULL,OWL2_EL,0.0011,0.0494,0.0675,0.0156,0.0535,0.0356,0.0338
ore_ont_14588.owl,26,47,298,237,122,105,10,16,20,0,OWL2_DL - OWL2_FULL,OWL2_DL,0.0012,0.0228,0.0443,0.0091,0.0288,,0.0285
ore_ont_1524.owl,106,100,435,321,117,200,4,6,3,0,OWL2_DL - OWL2_FULL,OWL2_DL,0.0015,0.0411,0.0528,0.0056,0.0292,0.0245,0.0255
ore_ont_9462.owl,104,128,455,350,221,128,1,0,1,0,OWL2_DL - OWL2_EL - OWL2_FULL,OWL2_EL,0.0011,0.0605999999999999,0.05,0.0057,0.0204,0.017,0.0231
ore_ont_15421.owl,74,72,300,223,114,108,1,1,2,0,OWL2_DL - OWL2_FULL,OWL2_DL,0.002,0.0373,,0.0084,0.0481,0.0388,0.0326
ore_ont_7417.owl,117,63,479,328,168,135,25,12,23,0,OWL2_DL - OWL2_FULL,OWL2_DL,0.0017,0.0333,0.047,0.0081,0.0316,0.0264,0.0257
ore_ont_3936.owl,122,200,462,332,128,200,4,0,9,0,OWL2_DL - OWL2_QL - OWL2_EL - OWL2_FULL,OWL2_EL,0.0025,0.0386,,0.0062,0.0246,0.0205,0.0281
ore_ont_16723.owl,43,45,345,264,138,110,16,12,27,0,OWL2_DL - OWL2_FULL,OWL2_DL,0.0014,0.0319,0.0411,0.0081,0.027,0.0225,0.0263
ore_ont_13132.owl,64,98,591,477,146,302,29,20,31,0,OWL2_DL - OWL2_FULL,OWL2_DL,0.0058,0.1732,0.1133999999999999,0.011,0.4466,0.2588,0.0351
ore_ont_13885.owl,36,14,488,397,141,189,67,4,51,0,OWL2_DL - OWL2_FULL,OWL2_DL,0.0031,0.0399,0.0636,0.0133,0.0364,0.0271,0.0323
ore_ont_16274.owl,99,115,485,369,126,230,13,6,12,0,OWL2_DL - OWL2_FULL,OWL2_DL,0.0017,0.0325,0.056,0.0067,0.0276,0.024,0.0275
ore_ont_3205.owl,59,60,362,287,167,119,1,14,2,0,OWL2_DL - OWL2_RL - OWL2_FULL,OWL2_DL,0.0022,0.0212,0.0382,0.005,0.0258,0.0222,0.0231
ore_ont_16267.owl,121,163,660,479,172,249,58,0,62,0,OWL2_DL - OWL2_EL - OWL2_RL - OWL2_FULL,OWL2_EL,0.0021,0.0599,0.0809,0.0131,0.0474,0.0378999999999999,0.0362
ore_ont_16630.owl,30,152,374,290,98,183,8,16,39,0,OWL2_DL - OWL2_FULL,OWL2_DL,0.0025,0.2467,0.082,0.0101,0.0369,0.0364,
ore_ont_16814.owl,28,42,364,287,163,102,22,11,39,0,OWL2_DL - OWL2_FULL,OWL2_DL,0.0018,0.2354,0.0567,0.0116,0.1129,0.0891,0.0328
ore_ont_16197.owl,65,58,315,227,109,118,0,6,18,0,OWL2_DL - OWL2_FULL,OWL2_DL,0.0009,0.0652,0.0424,0.0071,0.0299,0.0214,0.0296
ore_ont_12150.owl,127,131,445,291,140,132,19,0,28,0,OWL2_DL - OWL2_QL - OWL2_EL - OWL2_RL - OWL2_FULL,OWL2_EL,0.0016,0.0341,0.0631,0.0081999999999999,0.0272,0.0272,0.0267
ore_ont_10894.owl,148,109,568,411,169,237,5,6,4,0,OWL2_DL - OWL2_FULL,OWL2_DL,0.0024,0.0519,0.0717,0.006,0.0434,0.0332,0.0287
ore_ont_9928.owl,167,0,671,500,166,333,1,0,4,0,OWL2_DL - OWL2_FULL,OWL2_DL,0.0031,0.1298,0.1147999999999999,0.0059,0.0141,0.0103,0.0259
ore_ont_7789.owl,49,122,538,437,130,290,17,17,36,0,OWL2_DL - OWL2_FULL,OWL2_DL,0.0019,0.0756,0.0654,0.0097,0.0385,0.0263,0.0363
ore_ont_1988.owl,115,94,428,310,100,210,0,0,3,0,OWL2_DL - OWL2_FULL,OWL2_DL,0.0018,0.0457999999999999,0.0708,0.0056,0.0324,0.0267999999999999,0.0244
ore_ont_3281.owl,127,83,563,420,189,219,12,6,11,0,OWL2_DL - OWL2_FULL,OWL2_DL,0.0029,0.0712,0.0621,0.0082,0.0476,0.0356,0.0347
ore_ont_11004.owl,29,54,518,405,267,109,29,37,47,0,OWL2_DL - OWL2_FULL,OWL2_DL,0.0014,0.2563,0.0608,0.0107,0.0293,,0.0312
ore_ont_10199.owl,36,84,419,336,120,180,36,0,47,0,OWL2_DL - OWL2_QL - OWL2_EL - OWL2_FULL,OWL2_EL,0.0013,0.0663,0.0453,0.0231,0.0365,0.0325,0.0402
ore_ont_7800.owl,36,84,419,336,120,180,36,0,47,0,OWL2_DL - OWL2_QL - OWL2_EL - OWL2_FULL,OWL2_EL,0.0015,0.0717,0.0464,0.0217,0.0358,0.0264,0.0397
ore_ont_3053.owl,87,85,524,396,203,192,1,20,21,0,OWL2_DL - OWL2_FULL,OWL2_DL,,,,,,,0.0398
ore_ont_11203.owl,59,48,562,334,94,103,137,0,170,0,OWL2_DL - OWL2_QL - OWL2_EL - OWL2_RL - OWL2_FULL,OWL2_EL,0.0017,0.0741,0.062,0.0315,0.1216,0.1247,0.0524
ore_ont_14379.owl,80,45,465,342,200,140,2,23,21,0,OWL2_DL - OWL2_FULL,OWL2_DL,0.004,0.0406,,0.0135,0.0636,,0.038
ore_ont_11533.owl,35,25,480,379,195,173,11,43,24,0,OWL2_DL - OWL2_FULL,OWL2_DL,,0.051,0.0713,0.0095,0.0322,,0.0318
ore_ont_11592.owl,170,81,625,434,167,256,11,8,14,0,OWL2_DL - OWL2_FULL,OWL2_DL,0.0017,0.2236,0.062,0.0073,0.0283,,0.0303
ore_ont_16670.owl,49,56,528,411,221,179,11,45,24,0,OWL2_DL - OWL2_FULL,OWL2_DL,,0.0524,0.0655,0.0097,0.0342,0.0352,0.0298
ore_ont_10580.owl,133,0,695,531,235,273,23,0,31,0,OWL2_DL - OWL2_FULL,OWL2_DL,0.0071,1.2544,0.1192,0.0092,0.0948,0.1585,0.0315
ore_ont_6859.owl,170,81,625,434,167,256,11,8,14,0,OWL2_DL - OWL2_FULL,OWL2_DL,0.0017,0.2227,0.0583,0.0074,0.0316,,0.0306
ore_ont_1866.owl,49,56,526,410,221,178,11,44,24,0,OWL2_DL - OWL2_FULL,OWL2_DL,,0.0505,0.0647,0.0103,0.0342,0.0447,0.0297
ore_ont_15068.owl,213,166,590,377,211,166,0,0,0,0,OWL2_DL - OWL2_QL - OWL2_EL - OWL2_RL - OWL2_FULL,OWL2_EL,0.001,0.0445,0.0332999999999999,0.0063,0.0282,0.0301,0.0305
ore_ont_13129.owl,40,24,452,366,164,166,34,37,10,0,OWL2_DL - OWL2_FULL,OWL2_DL,,,0.0651,0.0054,0.032,,0.023
ore_ont_4035.owl,131,0,752,619,235,382,2,0,2,0,OWL2_DL - OWL2_FULL,OWL2_DL,0.0046,0.1942,0.1326,0.006,0.4992,0.418,0.027
ore_ont_16033.owl,156,269,530,374,105,269,0,0,0,0,OWL2_DL - OWL2_QL - OWL2_EL - OWL2_RL - OWL2_FULL,OWL2_EL,0.0012,0.0221,0.064,0.0055,0.0228,0.0187,0.0273
ore_ont_5074.owl,156,269,530,374,105,269,0,0,0,0,OWL2_DL - OWL2_QL - OWL2_EL - OWL2_RL - OWL2_FULL,OWL2_EL,0.0014,0.0243,0.064,0.0055,0.0236,0.0175999999999999,0.0272
ore_ont_13799.owl,46,45,406,349,235,109,5,2,10,0,OWL2_DL - OWL2_FULL,OWL2_DL,0.003,0.1362,0.087,0.0164,0.1326,,0.0448
ore_ont_10681.owl,36,56,554,449,140,298,11,46,24,0,OWL2_DL - OWL2_FULL,OWL2_DL,,0.0491,0.0669,0.0075,0.0233,,0.0321
ore_ont_12323.owl,83,56,598,447,257,178,12,44,25,0,OWL2_DL - OWL2_FULL,OWL2_DL,,0.0555,0.0759,0.0106,0.0459,0.0329,0.0308
ore_ont_14800.owl,83,56,598,447,257,178,12,44,25,0,OWL2_DL - OWL2_FULL,OWL2_DL,,0.0508,0.0795,0.0107,0.0448,0.0417,0.0309
ore_ont_1430.owl,46,93,565,483,178,305,0,17,19,0,OWL2_DL - OWL2_FULL,OWL2_DL,0.0021,0.0283,0.057,0.0066,0.0257,0.0227,0.033
ore_ont_14175.owl,100,190,658,463,269,181,13,0,97,0,OWL2_DL - OWL2_EL - OWL2_FULL,OWL2_EL,0.003,0.0688,0.0861,0.0185,0.0877,0.0843,0.0416
ore_ont_1898.owl,34,56,625,522,195,316,11,46,24,0,OWL2_DL - OWL2_FULL,OWL2_DL,,0.059,,0.0096,0.0322,,0.0365
ore_ont_5932.owl,200,105,719,492,191,279,22,0,29,0,OWL2_DL - OWL2_EL - OWL2_RL - OWL2_FULL,OWL2_EL,0.0018,0.2106,0.0733,0.0097,0.0316,0.0279,0.0355
ore_ont_4133.owl,290,50,757,456,345,110,1,0,12,0,OWL2_DL - OWL2_FULL,OWL2_DL,0.0025,0.2214,0.0706,0.0093,0.0651,0.0502,0.0322
ore_ont_13872.owl,159,48,813,522,207,112,203,0,133,0,OWL2_DL - OWL2_EL - OWL2_FULL,OWL2_EL,0.133,0.4632,0.7199,0.0293,0.2137,0.2039,0.0546
ore_ont_85.owl,32,56,654,554,246,297,11,45,24,0,OWL2_DL - OWL2_FULL,OWL2_DL,,0.0569,0.0833,0.0094,0.039,,0.0374
ore_ont_15103.owl,34,56,605,503,195,297,11,45,24,0,OWL2_DL - OWL2_FULL,OWL2_DL,,0.0463,0.0882,0.0095,0.0348,,0.0363
ore_ont_13704.owl,17,46,358,301,116,183,2,15,26,0,OWL2_DL - OWL2_FULL,OWL2_DL,0.0011,0.0356,0.0489,0.0092,0.0262,,0.0304
ore_ont_13833.owl,311,0,1071,757,347,410,0,0,3,0,OWL2_DL - OWL2_FULL,OWL2_DL,0.0039,0.0523,0.1490999999999999,0.0068,0.0148,0.0105,0.0298
ore_ont_15514.owl,194,50,613,393,247,132,14,0,27,0,OWL2_DL - OWL2_FULL,OWL2_DL,0.0094,0.08,0.1514,0.0151,38.3522,0.477,0.0403
ore_ont_13584.owl,118,117,1061,825,257,393,175,23,96,0,OWL2_DL - OWL2_FULL,OWL2_DL,0.0095,7.4633,,0.0289,0.5329,0.3753,0.065
ore_ont_15291.owl,224,66,868,569,270,180,119,9,67,0,OWL2_DL - OWL2_FULL,OWL2_DL,0.0043,2.1142,0.099,0.0167,0.2022,,0.0422
ore_ont_5204.owl,71,88,481,364,163,163,38,3,43,0,OWL2_DL - OWL2_FULL,OWL2_DL,0.0031,0.4735,0.0622,0.0134,0.0583,0.052,0.038
ore_ont_10009.owl,36,56,635,530,221,298,11,46,24,0,OWL2_DL - OWL2_FULL,OWL2_DL,,0.0499,0.0829,0.0098999999999999,0.0408,,0.0381
ore_ont_568.owl,254,158,829,535,333,200,2,0,42,0,OWL2_DL - OWL2_EL - OWL2_FULL,OWL2_EL,0.0043,0.53,0.1156,0.012,0.1141,0.1076,0.0466
ore_ont_15058.owl,27,48,552,447,272,105,70,38,41,0,OWL2_DL - OWL2_FULL,OWL2_DL,0.0043,0.2482,0.0684,0.0163,0.0361,0.0282,0.0386
ore_ont_4719.owl,104,160,805,593,347,194,52,56,53,0,OWL2_DL - OWL2_FULL,OWL2_DL,0.0038,1.4509,0.1176,0.0143,0.06,0.04,0.0402
ore_ont_3022.owl,36,56,635,530,221,298,11,46,24,0,OWL2_DL - OWL2_FULL,OWL2_DL,,0.0503,0.0826,0.0097,0.0416,,0.0378
ore_ont_12369.owl,36,56,634,530,221,298,11,46,23,0,OWL2_DL - OWL2_FULL,OWL2_DL,,0.046,0.0826,0.0110999999999999,0.0387,,0.0394
ore_ont_5509.owl,311,417,1029,718,301,417,0,0,0,0,OWL2_DL - OWL2_QL - OWL2_EL - OWL2_RL - OWL2_FULL,OWL2_EL,0.0017,0.0448,0.0926,0.0068,0.019,0.0173,0.0323
ore_ont_7988.owl,41,49,663,553,333,215,5,37,33,0,OWL2_DL - OWL2_FULL,OWL2_DL,0.0025,0.0325,0.0814,0.0139,0.0379,,0.0417
ore_ont_15010.owl,178,0,706,519,339,180,0,0,9,0,OWL2_DL - OWL2_FULL,OWL2_DL,0.018,0.0516999999999999,0.2286,0.0152,0.1825,0.1087,0.0372
ore_ont_12112.owl,50,62,452,340,208,121,11,43,20,0,OWL2_DL - OWL2_FULL,OWL2_DL,,0.0481,0.0672,0.009,0.03,0.0343,0.0291
ore_ont_13398.owl,136,0,947,808,413,392,3,0,3,0,OWL2_DL - OWL2_FULL,OWL2_DL,0.0057,0.1955,0.1322,0.0061,1.0497,0.9941,0.0289
ore_ont_7011.owl,244,180,859,602,403,190,9,1,13,0,OWL2_DL - OWL2_FULL,OWL2_DL,0.0585,0.6098,0.6094,0.0852,0.4847,0.3776,0.1196
ore_ont_7179.owl,84,57,588,422,226,123,73,19,66,0,OWL2_DL - OWL2_FULL,OWL2_DL,,,,,,,0.039
ore_ont_15596.owl,224,82,951,651,270,262,119,10,67,0,OWL2_DL - OWL2_FULL,OWL2_DL,0.0042,2.6785,0.0887999999999999,0.0165,0.2286,,0.0438
ore_ont_7894.owl,253,0,1242,987,368,619,0,0,2,0,OWL2_DL - OWL2_FULL,OWL2_DL,0.0039,0.0390999999999999,0.1485,0.0064,0.014,0.0109,0.0321
ore_ont_8975.owl,224,82,951,651,270,262,119,10,67,0,OWL2_DL - OWL2_FULL,OWL2_DL,0.0041,2.6718,0.0958,0.0158,0.2069,,0.044
ore_ont_10571.owl,224,82,951,651,270,262,119,10,67,0,OWL2_DL - OWL2_FULL,OWL2_DL,0.0043,2.6414,0.1031,0.0157,0.2415,,0.0442
ore_ont_14185.owl,340,482,1152,812,330,482,0,0,0,0,OWL2_DL - OWL2_QL - OWL2_EL - OWL2_RL - OWL2_FULL,OWL2_EL,0.002,0.0503,0.0991,0.0063,0.0207,0.0175999999999999,0.0342
ore_ont_9690.owl,85,204,875,691,228,448,15,29,71,0,OWL2_DL - OWL2_QL - OWL2_EL - OWL2_FULL,OWL2_EL,0.0014,0.0535,0.0711,0.0136,0.0371,0.0367,0.0429
ore_ont_8362.owl,26,100,713,627,170,445,12,23,38,0,OWL2_DL - OWL2_FULL,OWL2_DL,0.0082,,0.1575,0.0353,,,0.0455
ore_ont_12566.owl,170,75,904,605,463,108,34,24,106,0,OWL2_DL - OWL2_FULL,OWL2_DL,0.0124,0.2450999999999999,0.1463,0.0447,0.1158,,0.0724
ore_ont_2303.owl,142,0,1061,917,379,537,1,0,2,0,OWL2_DL - OWL2_FULL,OWL2_DL,0.004,0.1598,0.1164999999999999,0.0058,0.0469,0.037,0.0305
ore_ont_13805.owl,75,161,674,587,163,416,8,1,12,0,OWL2_DL - OWL2_FULL,OWL2_DL,0.8716,0.4895,5.7849,0.0087,0.3197,,0.049
ore_ont_7668.owl,74,161,689,603,179,416,8,1,12,0,OWL2_DL - OWL2_FULL,OWL2_DL,1.2728,0.7733,7.8277,0.0244,0.681,,0.0744
ore_ont_11978.owl,67,118,727,579,226,299,54,0,81,0,OWL2_DL - OWL2_QL - OWL2_EL - OWL2_FULL,OWL2_EL,0.0024,0.125,0.074,0.053,0.0872,0.067,0.0722
ore_ont_1172.owl,67,118,727,579,226,299,54,0,81,0,OWL2_DL - OWL2_QL - OWL2_EL - OWL2_FULL,OWL2_EL,0.0026,0.1398,0.0691,0.0526,0.1055,0.0692,0.0721
ore_ont_8502.owl,142,392,955,810,417,392,1,0,3,0,OWL2_DL - OWL2_QL - OWL2_EL - OWL2_FULL,OWL2_EL,0.0047,0.0359,0.1363,0.006,0.0221,0.0138,0.0315
ore_ont_3708.owl,56,16,669,541,365,110,66,5,68,0,OWL2_DL - OWL2_FULL,OWL2_DL,0.0023,0.3284,0.064,0.0208,0.052,0.0372,0.0415
ore_ont_5033.owl,62,16,684,548,371,110,67,5,70,0,OWL2_DL - OWL2_FULL,OWL2_DL,0.0024,0.3036,0.0565,0.0201,0.0397,0.0368999999999999,0.0419
ore_ont_11416.owl,65,193,863,602,381,184,37,133,63,0,OWL2_DL - OWL2_FULL,OWL2_DL,0.0045,1.6503,0.121,0.0129,0.0486,0.0358,0.0403
ore_ont_1853.owl,57,16,693,556,377,110,69,7,74,0,OWL2_DL - OWL2_FULL,OWL2_DL,0.0026,0.3342,0.0561,0.0207,0.0454,0.0328,0.0426
ore_ont_14388.owl,216,138,1302,896,256,297,343,0,191,0,OWL2_DL - OWL2_QL - OWL2_FULL,OWL2_DL,0.0044,0.2678,0.0888999999999999,0.044,0.1293,0.1148,0.0801
ore_ont_13035.owl,222,146,1296,885,311,297,277,0,191,0,OWL2_DL - OWL2_EL - OWL2_FULL,OWL2_EL,0.0066,3.7192,0.1145,0.0467,0.1833,0.1522,0.088
ore_ont_2526.owl,65,16,693,554,374,110,67,5,70,0,OWL2_DL - OWL2_FULL,OWL2_DL,0.0029,0.2925,0.0591999999999999,0.0194,0.0538,0.0561,0.0254
ore_ont_12721.owl,61,172,766,631,182,388,61,0,74,0,OWL2_DL - OWL2_QL - OWL2_EL - OWL2_FULL,OWL2_EL,0.0028,0.0791,0.0755,0.0344,0.0498,0.0431999999999999,0.0555
ore_ont_5205.owl,374,373,1117,742,369,373,0,1,0,0,OWL2_DL - OWL2_EL - OWL2_RL - OWL2_FULL,OWL2_EL,0.0018,0.079,0.0737,0.0081,0.0461,0.04,0.0397
ore_ont_3411.owl,128,244,844,708,197,507,4,3,6,0,OWL2_DL - OWL2_FULL,OWL2_DL,0.3415,0.3565,2.1455,0.0234,1.0721,0.6063000000000001,0.0597
ore_ont_3966.owl,590,0,1390,800,617,182,1,0,1,0,OWL2_DL - OWL2_FULL,OWL2_DL,0.0104999999999999,0.1352,0.1862,0.0095,0.0321,0.0213,0.034
ore_ont_1869.owl,381,373,1126,745,372,373,0,0,1,0,OWL2_DL - OWL2_EL - OWL2_RL - OWL2_FULL,OWL2_EL,0.0022,0.0859,0.0655,0.0079,0.0445,0.0273,0.0395
ore_ont_6615.owl,66,16,711,567,383,110,73,5,74,0,OWL2_DL - OWL2_FULL,OWL2_DL,0.0024,0.3514,0.063,0.0215,0.0642,0.053,0.0259
ore_ont_2608.owl,453,212,1331,877,665,212,0,0,1,0,OWL2_DL - OWL2_EL - OWL2_FULL,OWL2_EL,0.0087999999999999,0.1082,0.1115,0.0082,0.0939,0.0813,0.0404
ore_ont_16481.owl,77,161,747,657,211,437,9,1,13,0,OWL2_DL - OWL2_FULL,OWL2_DL,1.8061,9.1106,,0.1475,3.5412,,0.2064
ore_ont_14883.owl,125,23,742,562,393,114,55,0,56,0,OWL2_DL - OWL2_FULL,OWL2_DL,0.0071,0.8339,0.1143,0.0372,,,0.0648
ore_ont_4875.owl,464,0,1251,785,506,279,0,0,2,0,OWL2_DL - OWL2_FULL,OWL2_DL,0.0167,0.0662,0.2451,0.0084,0.019,0.0105,0.0329
ore_ont_8460.owl,128,23,752,567,401,110,56,0,58,0,OWL2_DL - OWL2_FULL,OWL2_DL,0.0049,0.8922,0.1056,0.0393,,,0.0679
ore_ont_2744.owl,289,29,1052,689,548,134,7,30,45,0,OWL2_DL - OWL2_FULL,OWL2_DL,0.0039,1.0139,0.1081,0.0137,0.0923,,0.0406
ore_ont_1784.owl,194,23,859,607,452,101,54,0,59,0,OWL2_DL - OWL2_FULL,OWL2_DL,0.0045,1.0461,0.0814,0.0318,0.3871,0.3151,0.0575
ore_ont_4315.owl,162,98,995,646,322,163,161,0,187,0,OWL2_DL - OWL2_QL - OWL2_EL - OWL2_RL - OWL2_FULL,OWL2_EL,0.0026,0.0846,0.0954,0.0363,0.1908,0.142,0.0586
ore_ont_10314.owl,98,478,1045,767,289,478,0,0,180,0,OWL2_DL - OWL2_QL - OWL2_EL - OWL2_RL - OWL2_FULL,OWL2_EL,0.003,0.0767,0.1287,0.0345,0.1425,0.1505,0.0622
ore_ont_1537.owl,643,194,1522,879,685,194,0,0,1,0,OWL2_DL - OWL2_QL - OWL2_EL - OWL2_FULL,OWL2_EL,0.0037,0.0834999999999999,0.1091,0.0098,0.0315,0.026,0.036
ore_ont_15652.owl,62,197,824,714,492,221,1,37,11,0,OWL2_DL - OWL2_FULL,OWL2_DL,0.0021,0.0244999999999999,0.0679,0.0066,0.0339,0.0281,0.0308
ore_ont_7342.owl,88,88,839,749,101,647,1,1,3,0,OWL2_DL - OWL2_FULL,OWL2_DL,0.0275,0.2447,0.198,0.0056,0.1193,,0.0373
ore_ont_3259.owl,180,119,1141,757,358,220,179,0,204,0,OWL2_DL - OWL2_QL - OWL2_EL - OWL2_RL - OWL2_FULL,OWL2_EL,0.0036,0.1058,0.1066,0.0415,0.2213,0.1982,0.0648
ore_ont_6258.owl,215,23,956,678,517,101,60,0,64,0,OWL2_DL - OWL2_FULL,OWL2_DL,0.0045,1.2233,0.0867,0.0385,0.5217,0.4038,0.0636
ore_ont_2556.owl,181,92,1088,703,360,163,180,0,204,0,OWL2_DL - OWL2_QL - OWL2_EL - OWL2_RL - OWL2_FULL,OWL2_EL,0.0031,0.099,0.111,0.0393,0.2217,0.182,0.0644
ore_ont_5014.owl,20,83,1026,917,255,643,19,78,12,0,OWL2_DL - OWL2_FULL,OWL2_DL,0.0033,,,,,,0.0443
ore_ont_5216.owl,718,1,1791,1072,725,346,1,0,1,0,OWL2_DL - OWL2_FULL,OWL2_DL,0.0027,0.1847,0.1244,0.0096,0.0237,0.0197,0.0372
ore_ont_6272.owl,77,161,747,657,211,437,9,1,13,0,OWL2_DL - OWL2_FULL,OWL2_DL,2.0327,9.8422,,0.1504,1.9616,,0.2131
ore_ont_1705.owl,39,297,952,908,116,792,0,0,6,0,OWL2_DL - OWL2_FULL,OWL2_DL,0.0028,0.0282,0.0626,0.0063,0.0291,0.0211,0.0398
ore_ont_13762.owl,12,115,610,521,84,382,55,0,79,0,OWL2_DL - OWL2_FULL,OWL2_DL,0.0014,0.147,0.0631,0.0150999999999999,0.0263,0.0220999999999999,0.0387
ore_ont_934.owl,109,147,1099,909,490,376,43,25,57,0,OWL2_DL - OWL2_FULL,OWL2_DL,69.4365,,565.3359,0.5438,56.4467,57.4834,0.7731
ore_ont_586.owl,20,139,765,692,192,500,0,34,20,0,OWL2_DL - OWL2_FULL,OWL2_DL,0.003,0.0392,0.1110999999999999,0.0126,0.0417,,0.0521
ore_ont_6720.owl,313,979,1635,1322,323,999,0,0,0,0,OWL2_DL - OWL2_EL - OWL2_RL - OWL2_FULL,OWL2_EL,,,,,,,0.1093
ore_ont_10320.owl,323,103,1195,803,457,315,31,22,48,0,OWL2_DL - OWL2_FULL,OWL2_DL,0.0043,1.3451,0.1083,0.0153,0.0767,,0.0478
ore_ont_6983.owl,323,103,1196,804,458,315,31,22,48,0,OWL2_DL - OWL2_FULL,OWL2_DL,0.004,1.375,0.1131,0.0159,0.0873,,0.048
ore_ont_11016.owl,68,109,757,650,227,415,8,10,31,0,OWL2_DL - OWL2_FULL,OWL2_DL,0.0366,0.2334,,0.0107,0.0945,0.0612,0.0477
ore_ont_15682.owl,178,138,896,677,347,321,9,7,12,0,OWL2_DL - OWL2_FULL,OWL2_DL,,3.7205,2.3898,,2.0151,,0.144
ore_ont_11577.owl,268,197,1468,1111,914,197,0,0,89,0,OWL2_DL - OWL2_QL - OWL2_EL - OWL2_RL - OWL2_FULL,OWL2_EL,0.0019,0.0646,0.1249,0.0201,0.0895,0.0574,0.0428
ore_ont_8948.owl,342,103,1284,851,480,315,56,22,70,0,OWL2_DL - OWL2_FULL,OWL2_DL,0.0046,1.4477,0.1130999999999999,0.0219,0.0835,,0.056
ore_ont_16191.owl,362,103,1282,847,501,315,31,22,52,0,OWL2_DL - OWL2_FULL,OWL2_DL,0.0042,1.4682,0.1064,0.0166,0.0867,,0.0494
ore_ont_16115.owl,677,157,1507,830,673,157,0,0,0,0,OWL2_DL - OWL2_EL - OWL2_RL - OWL2_FULL,OWL2_EL,0.0019,0.0962,0.0714,0.0093,0.0496,0.0378,0.0413
ore_ont_5564.owl,371,103,1313,870,524,315,31,22,51,0,OWL2_DL - OWL2_FULL,OWL2_DL,0.0048,1.5034,0.1279,0.0185,0.0721,,0.0503
ore_ont_8355.owl,68,189,1015,864,234,562,68,0,83,0,OWL2_DL - OWL2_QL - OWL2_EL - OWL2_FULL,OWL2_EL,0.0032,0.1125,0.0817,0.0511,0.0764,0.0698,0.0767
ore_ont_11694.owl,203,282,1233,987,205,756,26,0,45,0,OWL2_DL - OWL2_EL - OWL2_FULL,OWL2_EL,0.0028,0.4529,0.0970999999999999,0.0132,0.045,0.0431999999999999,0.0545
ore_ont_155.owl,379,82,1243,738,580,121,37,0,128,0,OWL2_DL - OWL2_EL - OWL2_FULL,OWL2_EL,0.0066,0.2143,0.1412,0.0255,0.1334,0.1066,0.056
ore_ont_3726.owl,179,222,1139,925,206,704,11,16,21,0,OWL2_DL - OWL2_FULL,OWL2_DL,0.003,,0.0957,,0.038,,0.0273
ore_ont_7278.owl,179,222,1139,925,206,704,11,16,21,0,OWL2_DL - OWL2_FULL,OWL2_DL,0.003,,0.1032999999999999,0.0106,0.0447,,0.027
ore_ont_2488.owl,434,159,1402,899,534,315,50,0,71,0,OWL2_DL - OWL2_EL - OWL2_FULL,OWL2_EL,0.0072,1.0929,0.1535,0.0166,0.1221,0.0922,0.051
ore_ont_3566.owl,170,185,913,722,169,523,30,1,20,0,OWL2_DL - OWL2_FULL,OWL2_DL,0.0028,0.469,0.075,0.009,0.0569,,0.0382
ore_ont_1958.owl,652,179,1692,1022,818,189,15,1,19,0,OWL2_DL - OWL2_FULL,OWL2_DL,0.064,1.5455,0.6705,0.1006,0.5483,0.3877,0.1384
ore_ont_10230.owl,24,162,907,819,233,586,0,38,27,0,OWL2_DL - OWL2_FULL,OWL2_DL,0.0032,0.0557,0.1449,0.0203,0.0555,,0.0614
ore_ont_15753.owl,55,41,543,430,195,140,0,40,19,0,OWL2_DL - OWL2_FULL,OWL2_DL,0.0012,,0.0701,0.0079,,,0.0216
ore_ont_13898.owl,434,103,1440,934,588,315,31,22,51,0,OWL2_DL - OWL2_FULL,OWL2_DL,0.0045,1.609,0.114,0.0173,0.0864,,0.0517
ore_ont_6857.owl,422,103,1456,944,587,315,42,27,64,0,OWL2_DL - OWL2_FULL,OWL2_DL,0.0047,1.6816,0.1425,0.0234,0.1143,,0.0577
ore_ont_12932.owl,270,1224,1745,1475,251,1224,0,0,0,0,OWL2_DL - OWL2_QL - OWL2_EL - OWL2_RL - OWL2_FULL,OWL2_EL,0.0039,0.0755,0.0989999999999999,0.0072,0.0491,0.0363,0.0575
ore_ont_4983.owl,485,159,1518,961,595,315,51,0,74,0,OWL2_DL - OWL2_EL - OWL2_FULL,OWL2_EL,0.0073,1.1817,0.1653,0.0196,0.1221,0.109,0.0531
ore_ont_13954.owl,138,206,975,821,384,429,8,1,16,0,OWL2_DL - OWL2_FULL,OWL2_DL,2.5909,21.5194,,0.2863,2.0999,,0.3485
ore_ont_3010.owl,138,206,1031,877,386,482,9,1,16,0,OWL2_DL - OWL2_FULL,OWL2_DL,3.1201,19.9217,,0.3318,2.4769,,0.3822
ore_ont_1931.owl,124,78,1048,828,534,281,13,22,75,0,OWL2_DL - OWL2_FULL,OWL2_DL,0.0035,0.0982,0.1163,0.033,0.119,,0.0643
ore_ont_15413.owl,463,103,1589,1017,642,315,60,27,83,0,OWL2_DL - OWL2_FULL,OWL2_DL,0.006,1.7944,0.1499,0.026,0.131,,0.0615
ore_ont_5324.owl,504,0,2448,1944,516,1428,0,0,0,0,OWL2_DL - OWL2_RL - OWL2_FULL,OWL2_DL,0.0051,0.0746,0.2085,0.0083,0.018,0.0091,0.0455
ore_ont_6278.owl,451,103,1587,1016,629,315,72,27,94,0,OWL2_DL - OWL2_FULL,OWL2_DL,0.0056,2.0457,0.144,0.0254,0.1564,,0.0602
ore_ont_14981.owl,47,651,1509,1436,107,1315,14,6,20,0,OWL2_DL - OWL2_FULL,OWL2_DL,0.0054,1.3276,0.1812,0.0098999999999999,0.0407,0.0435,0.0643
ore_ont_5834.owl,138,206,1043,889,386,494,9,1,16,0,OWL2_DL - OWL2_FULL,OWL2_DL,2.7594,19.9054,,0.2947,3.8512,,0.3442
ore_ont_850.owl,138,206,1043,889,386,494,9,1,16,0,OWL2_DL - OWL2_FULL,OWL2_DL,2.7753,20.4261,,0.2928,2.5278,,0.3419
ore_ont_2826.owl,138,206,1043,889,386,494,9,1,16,0,OWL2_DL - OWL2_FULL,OWL2_DL,2.7621,20.3299,,0.2949,2.6131,,0.3534
ore_ont_10702.owl,138,206,1043,889,386,494,9,1,16,0,OWL2_DL - OWL2_FULL,OWL2_DL,2.4906,19.1647,77.7046,0.2949,3.335,,0.3685
ore_ont_3156.owl,138,206,1043,889,386,494,9,1,16,0,OWL2_DL - OWL2_FULL,OWL2_DL,2.5062,20.0692,30.6093,0.2881,3.206,,0.3579
ore_ont_8042.owl,138,206,1043,889,386,494,9,1,16,0,OWL2_DL - OWL2_FULL,OWL2_DL,2.7521,20.3452,,0.2955,3.3656,,0.354
ore_ont_8429.owl,852,67,2140,1237,1054,136,47,6,46,0,OWL2_DL - OWL2_FULL,OWL2_DL,0.0086,0.1951999999999999,0.2192,0.0258,0.1281,0.1109,0.064
ore_ont_4469.owl,131,89,1256,960,736,107,117,26,140,0,OWL2_DL - OWL2_FULL,OWL2_DL,0.0053,2.3065,0.121,0.0559,0.2938,0.1969,0.0848
ore_ont_12084.owl,484,103,1659,1084,727,315,42,27,65,0,OWL2_DL - OWL2_FULL,OWL2_DL,0.0057,1.7219,0.15,0.02,0.1347,,0.0564
ore_ont_16425.owl,368,245,1304,936,361,575,0,0,0,0,OWL2_DL - OWL2_RL - OWL2_FULL,OWL2_DL,0.0029,0.0452,0.1134,0.0079,0.0498,0.032,0.0379
ore_ont_8280.owl,85,171,978,864,111,733,12,6,26,0,OWL2_DL - OWL2_FULL,OWL2_DL,,,,,,,0.0286
ore_ont_4400.owl,575,602,1909,1334,732,602,0,0,0,0,OWL2_DL - OWL2_QL - OWL2_EL - OWL2_RL - OWL2_FULL,OWL2_EL,0.0028,0.0886,0.1461,0.0096,0.0343,0.0326,0.0441
ore_ont_5539.owl,85,171,981,865,114,733,12,6,28,0,OWL2_DL - OWL2_FULL,OWL2_DL,,,,,,,0.0286
ore_ont_10906.owl,86,171,988,869,113,733,12,6,30,0,OWL2_DL - OWL2_FULL,OWL2_DL,,,,,,,0.0283
ore_ont_1397.owl,137,206,1037,885,383,494,8,1,15,0,OWL2_DL - OWL2_FULL,OWL2_DL,2.2399,19.0152,,0.2903,4.196,,0.3566
ore_ont_8786.owl,137,206,1039,886,383,494,9,1,16,0,OWL2_DL - OWL2_FULL,OWL2_DL,2.2398,20.4464,,0.2784999999999999,2.9795,,0.3535
ore_ont_237.owl,87,171,987,869,115,733,12,6,28,0,OWL2_DL - OWL2_FULL,OWL2_DL,,,,,,,0.0295
ore_ont_5206.owl,85,171,989,871,112,733,12,6,30,0,OWL2_DL - OWL2_FULL,OWL2_DL,,,,,,,0.0286
ore_ont_13880.owl,88,171,1001,882,129,733,12,6,28,0,OWL2_DL - OWL2_FULL,OWL2_DL,,,,,,,
ore_ont_16371.owl,805,83,2307,1440,983,392,65,6,57,0,OWL2_DL - OWL2_FULL,OWL2_DL,0.0093,0.3527,,0.0312,0.345,0.2925,0.0764
ore_ont_13646.owl,751,154,2128,1261,950,211,100,0,118,0,OWL2_DL - OWL2_EL - OWL2_FULL,OWL2_EL,0.0104,1.7032,0.2128999999999999,0.0293,0.2096,0.1985,0.0687
ore_ont_11477.owl,202,263,1347,1121,561,551,9,1,24,0,OWL2_DL - OWL2_FULL,OWL2_DL,3.0869,50.5902,69.9654,0.5103,3.9816,,0.5854
ore_ont_10517.owl,905,153,2619,1653,1212,374,67,6,56,0,OWL2_DL - OWL2_FULL,OWL2_DL,,8.7903,0.8765000000000001,0.1716,0.3627,0.2575,0.2333
ore_ont_13112.owl,818,809,2446,1628,819,809,0,0,0,0,OWL2_DL - OWL2_QL - OWL2_EL - OWL2_RL - OWL2_FULL,OWL2_EL,0.004,0.1411,0.1107,0.0114,0.061,0.0475,0.0629
ore_ont_16255.owl,731,159,2184,1337,922,315,100,0,118,0,OWL2_DL - OWL2_EL - OWL2_FULL,OWL2_EL,0.01,1.553,0.2208999999999999,0.0281,0.2186,0.1653,0.0688
ore_ont_13404.owl,238,114,1311,907,730,177,0,0,167,0,OWL2_DL - OWL2_FULL,OWL2_DL,0.0039,0.391,0.1109999999999999,0.0414,0.1364,0.1182,0.0731
ore_ont_8387.owl,128,515,1641,1505,197,1304,4,3,6,0,OWL2_DL - OWL2_FULL,OWL2_DL,2.3683,0.4737,13.6647,0.0385,2.2434,1.461,0.1277
ore_ont_5764.owl,897,155,2650,1691,1158,470,63,6,57,0,OWL2_DL - OWL2_FULL,OWL2_DL,0.0354,2.045,0.9924,0.0827,0.5593,0.6494,0.1648
ore_ont_6951.owl,48,262,1480,1338,379,959,0,54,41,0,OWL2_DL - OWL2_FULL,OWL2_DL,0.0053,0.6111,0.1624,0.0129,0.1302,,0.0685
ore_ont_16372.owl,745,23,2461,1648,1465,111,72,4,66,0,OWL2_DL - OWL2_FULL,OWL2_DL,,,,,,,0.0581
ore_ont_12270.owl,681,206,2266,1565,872,673,20,0,22,0,OWL2_DL - OWL2_QL - OWL2_FULL,OWL2_DL,0.0122,0.3697,0.2316,0.017,0.2379,0.1609,0.0731
ore_ont_3344.owl,631,0,2928,2296,947,1348,1,0,1,0,OWL2_DL - OWL2_FULL,OWL2_DL,0.0316,0.3494,0.7511,0.0101,0.0533,0.0433,0.0536
ore_ont_4961.owl,19,185,1576,1529,120,1395,14,0,29,0,OWL2_DL - OWL2_FULL,OWL2_DL,0.0032,0.5182,0.0761,0.0243999999999999,0.5123,0.3192,0.0692
ore_ont_11115.owl,923,629,2872,1891,1099,731,61,0,59,0,OWL2_DL - OWL2_QL - OWL2_EL - OWL2_FULL,OWL2_EL,0.0266,0.2327,0.5886,0.0208,0.1038,0.0899,0.0723
ore_ont_1211.owl,1165,0,3879,2712,1684,1028,0,0,2,0,OWL2_DL - OWL2_FULL,OWL2_DL,0.0197,0.1655,0.8898,0.016,0.0481,0.0401,0.0622
ore_ont_727.owl,1165,0,3879,2712,1684,1028,0,0,2,0,OWL2_DL - OWL2_FULL,OWL2_DL,0.0199,0.1698,0.896,0.0163,0.0493,0.0453,0.0622
ore_ont_7327.owl,894,124,2696,1674,1228,378,68,27,102,0,OWL2_DL - OWL2_FULL,OWL2_DL,0.009,3.4958,0.2597,0.0346,0.1971,,0.0843
ore_ont_11572.owl,861,772,2568,1707,935,772,0,0,0,0,OWL2_DL - OWL2_QL - OWL2_EL - OWL2_RL - OWL2_FULL,OWL2_EL,0.0038,0.1291,0.1126,0.0118999999999999,0.0689,0.0711999999999999,0.066
ore_ont_7818.owl,261,157,1810,1353,715,629,9,99,98,0,OWL2_DL - OWL2_FULL,OWL2_DL,0.0054,0.1811,0.157,0.0202,0.0651,,0.0663
ore_ont_12892.owl,637,1348,2938,2300,951,1348,1,0,1,0,OWL2_DL - OWL2_EL - OWL2_FULL,OWL2_EL,0.0319,0.3728,0.7501,0.0101,0.158,0.1394,0.0644
ore_ont_15030.owl,146,240,2098,1634,1393,240,1,159,160,0,OWL2_DL - OWL2_FULL,OWL2_DL,0.0064,0.8054,0.1686,0.0631,0.2262,0.193,0.1129
ore_ont_5688.owl,976,204,2888,1823,1444,315,64,0,91,0,OWL2_DL - OWL2_EL - OWL2_FULL,OWL2_EL,0.0229,2.0716,0.3742999999999999,0.025,0.2913,0.2716,0.0755
ore_ont_6401.owl,347,153,2233,1763,857,838,68,0,125,0,OWL2_DL - OWL2_EL - OWL2_FULL,OWL2_EL,0.0635,1.88,0.4304,0.0395999999999999,0.3732,0.4272,0.0877
ore_ont_13413.owl,761,4,3427,2661,1505,1153,3,0,5,0,OWL2_DL - OWL2_FULL,OWL2_DL,0.034,0.782,0.8182,0.0123,1.2699,1.1724,0.0593
ore_ont_6923.owl,884,418,3637,2693,1111,1517,65,6,55,0,OWL2_DL - OWL2_FULL,OWL2_DL,0.0156,1.2034,0.4493,0.0331,0.2447,0.2093,0.1261
ore_ont_7007.owl,69,329,2077,1945,311,1628,6,33,31,0,OWL2_DL - OWL2_FULL,OWL2_DL,,0.1791,,0.0223,0.3535,0.3014,0.1011
ore_ont_14370.owl,321,185,2491,2120,390,1685,45,0,51,0,OWL2_DL - OWL2_EL - OWL2_FULL,OWL2_EL,0.0294,0.3736,0.2362,0.0244,0.3985,0.3424,0.0782
ore_ont_5078.owl,873,7,4406,3531,1333,2198,0,0,2,0,OWL2_DL - OWL2_FULL,OWL2_DL,0.0381,0.1495,1.1768,0.0118999999999999,0.0489,0.0481,0.0715
ore_ont_12965.owl,873,7,4406,3531,1333,2198,0,0,2,0,OWL2_DL - OWL2_FULL,OWL2_DL,0.0381,0.1383,1.2339,0.0123,0.0518,0.0456,0.0716
ore_ont_7483.owl,2257,530,5564,3296,2260,1026,10,0,12,0,OWL2_DL - OWL2_QL - OWL2_EL - OWL2_FULL,OWL2_EL,0.0067,0.2977,0.2256999999999999,0.0219,0.0554,0.0559,0.087
ore_ont_8730.owl,82,469,2302,2124,242,1800,82,0,96,0,OWL2_DL - OWL2_QL - OWL2_EL - OWL2_FULL,OWL2_EL,0.0095,0.1197,0.2013,0.0509,0.0795,0.0707,0.0919
ore_ont_3503.owl,1107,124,3386,2119,1659,378,82,32,129,0,OWL2_DL - OWL2_FULL,OWL2_DL,0.0118,4.3728,0.3347,0.0505,0.3018,,0.1048
ore_ont_10026.owl,350,398,2367,1988,395,1587,6,0,30,0,OWL2_DL - OWL2_QL - OWL2_FULL,OWL2_DL,0.0078,0.1462,0.1819,0.0149,0.063,0.052,0.0959
ore_ont_14353.owl,122,456,2407,2141,390,1629,122,0,144,0,OWL2_DL - OWL2_QL - OWL2_EL - OWL2_FULL,OWL2_EL,0.0093999999999999,0.2903,0.1999,0.1236,0.23,0.1915,0.1636
ore_ont_16056.owl,309,213,2211,1898,1439,459,0,0,4,0,OWL2_DL - OWL2_FULL,OWL2_DL,0.3092,,1.2697,0.1447,8.7337,4.7171,0.2569
ore_ont_13405.owl,72,151,1612,1426,327,991,108,17,98,0,OWL2_DL - OWL2_FULL,OWL2_DL,0.0058,,0.1341999999999999,0.0244,,,0.0688
ore_ont_8640.owl,803,329,2987,1919,1149,686,84,0,267,0,OWL2_DL - OWL2_QL - OWL2_FULL,OWL2_DL,0.0107,1.7951,0.3061999999999999,0.0737999999999999,0.2914,0.249,0.2178
ore_ont_15741.owl,1187,0,5261,4073,1687,2385,1,0,1,0,OWL2_DL - OWL2_FULL,OWL2_DL,0.1281,0.6092,2.1802,0.0153,0.2644,0.2348,0.0852
ore_ont_14285.owl,110,580,1847,1669,255,1344,70,12,60,0,OWL2_DL - OWL2_FULL,OWL2_DL,,,,,,,0.1143
ore_ont_14667.owl,1046,4,6053,5002,2266,2733,3,0,5,0,OWL2_DL - OWL2_FULL,OWL2_DL,0.0401,1.5464,1.6971,0.0149,1.8439,1.3979,0.0926
ore_ont_8744.owl,1836,0,7172,5328,2248,3076,4,0,8,0,OWL2_DL - OWL2_FULL,OWL2_DL,0.051,1.2707,2.7521,0.0198,0.0702,0.0569,0.104
ore_ont_1117.owl,777,772,4652,3875,871,3003,1,0,1,0,OWL2_DL - OWL2_FULL,OWL2_DL,0.0184,0.8338,1.8688,0.0125,0.0834,0.098,0.1076
ore_ont_9947.owl,2411,2410,7295,4884,2415,2469,0,0,0,0,OWL2_DL - OWL2_QL - OWL2_EL - OWL2_RL - OWL2_FULL,OWL2_EL,0.2873,0.3234,3.7747,0.0221999999999999,0.0784,0.0767,0.1199
ore_ont_3545.owl,39,501,3244,3147,141,2922,84,5,53,0,OWL2_DL - OWL2_FULL,OWL2_DL,0.0098999999999999,,,0.0158,,,0.0989
ore_ont_7778.owl,2016,6,7129,5100,2197,2900,3,0,13,0,OWL2_DL - OWL2_FULL,OWL2_DL,0.0171,0.7873,0.7536,0.0208,0.0584,0.0466,0.104
ore_ont_6817.owl,777,772,5336,4559,871,3687,1,0,1,0,OWL2_DL - OWL2_FULL,OWL2_DL,0.0215,0.8624,2.1339,0.0125,0.1026,0.0963,0.1135
ore_ont_14912.owl,1155,7,7895,6712,1826,4843,43,0,28,0,OWL2_DL - OWL2_FULL,OWL2_DL,0.0407,18.3528,1.8481,0.0182,0.2891,0.2433,0.1171
ore_ont_9248.owl,1993,150,5772,3552,2958,465,129,36,192,0,OWL2_DL - OWL2_FULL,OWL2_DL,0.0226999999999999,9.2817,0.7827000000000001,0.0822,0.5662,,0.1662
ore_ont_7817.owl,2103,150,5916,3587,3098,361,128,36,191,0,OWL2_DL - OWL2_FULL,OWL2_DL,0.0237,9.4838,0.8569,0.0765,0.614,,0.1617
ore_ont_6727.owl,2096,150,5995,3672,3078,465,129,36,192,0,OWL2_DL - OWL2_FULL,OWL2_DL,0.0241,9.8759,0.8777,0.0823,0.6322,,0.1705
ore_ont_12325.owl,2135,153,6102,3739,3140,470,129,36,193,0,OWL2_DL - OWL2_FULL,OWL2_DL,0.0248,9.9436,0.8906,0.0833,0.6387,,0.1732
ore_ont_5149.owl,699,2907,6399,5697,692,5005,0,0,3,0,OWL2_DL - OWL2_QL - OWL2_EL - OWL2_RL - OWL2_FULL,OWL2_EL,0.0735,0.26,2.1972,0.0117,0.0844,0.0808,0.1328
ore_ont_2749.owl,39,720,3963,3861,275,3580,6,33,31,0,OWL2_DL - OWL2_FULL,OWL2_DL,,,,,,,0.1638
ore_ont_8940.owl,1669,2,9106,7415,2011,5387,17,0,22,0,OWL2_DL - OWL2_FULL,OWL2_DL,0.069,4.6041,3.3387,0.0221,0.3394,0.3326,0.1411
ore_ont_7108.owl,2198,187,6371,3932,3245,548,139,36,206,0,OWL2_DL - OWL2_FULL,OWL2_DL,0.0283,16.252200000000002,1.0288,0.0902999999999999,0.8731,,0.1859
ore_ont_11635.owl,1669,2,9502,7811,2407,5387,17,0,22,0,OWL2_DL - OWL2_FULL,OWL2_DL,0.1171,4.5881,3.6661,0.0217,0.6263,0.3215,0.1463
ore_ont_572.owl,113,565,5422,5229,271,4889,69,21,60,0,OWL2_DL - OWL2_FULL,OWL2_DL,0.0209,,0.603,0.0165,,,0.1486
ore_ont_3916.owl,39,797,4497,4395,275,4114,6,33,31,0,OWL2_DL - OWL2_FULL,OWL2_DL,,,,,,,0.1481
ore_ont_4903.owl,1876,280,5222,3240,2775,350,115,5,102,0,OWL2_DL - OWL2_FULL,OWL2_DL,0.85,,,0.294,606.5724,,0.4177
ore_ont_12916.owl,2457,202,6983,4295,3588,577,130,36,196,0,OWL2_DL - OWL2_FULL,OWL2_DL,0.0317,18.0724,1.2667,0.103,0.9595,,0.207
ore_ont_7743.owl,2568,8,10125,7539,3127,4405,7,0,18,0,OWL2_DL - OWL2_FULL,OWL2_DL,0.0415,3.2045,3.617,0.0287,0.1022,0.0923,0.1475
ore_ont_13837.owl,225,1739,4876,4589,469,4114,6,0,64,0,OWL2_DL - OWL2_EL - OWL2_FULL,OWL2_EL,1.9796,6.6736,9.0462,0.0238,2.3709,5.8403,0.1981
ore_ont_7680.owl,3609,3608,10889,7280,3613,3667,0,0,0,0,OWL2_DL - OWL2_QL - OWL2_EL - OWL2_RL - OWL2_FULL,OWL2_EL,0.7454,0.4681,8.461400000000001,0.0309,0.0959,0.1004,0.1695
ore_ont_6822.owl,749,570,4600,3782,2473,1295,14,26,44,0,OWL2_DL - OWL2_FULL,OWL2_DL,23.5939,19.5511,89.7282,0.0436,0.9029,,0.1453
ore_ont_6146.owl,1931,2,11076,9125,2306,6802,17,0,20,0,OWL2_DL - OWL2_FULL,OWL2_DL,0.0837,5.1851,4.7302,0.0234,0.3866,0.3569,0.164
ore_ont_928.owl,1826,5473,10041,8160,2614,5473,73,0,56,0,OWL2_DL - OWL2_EL - OWL2_FULL,OWL2_EL,11.1777,24.4442,38.2648,0.0283,0.5343,0.5356,0.1944
ore_ont_13755.owl,4361,0,9080,4717,4402,315,0,0,2,0,OWL2_DL - OWL2_FULL,OWL2_DL,1.2101,0.4497,6.8902,0.0460999999999999,0.0761,0.0755,0.1438
ore_ont_9053.owl,2227,1158,9797,7472,4010,3404,58,39,60,0,OWL2_DL - OWL2_FULL,OWL2_DL,1.6676,4.842,,0.1504,,,0.3
ore_ont_3381.owl,3138,156,8361,4990,4486,373,131,36,198,0,OWL2_DL - OWL2_FULL,OWL2_DL,0.041,14.1461,1.7248,0.0938,0.9397,,0.2075
ore_ont_399.owl,3160,156,8524,5130,4522,477,131,36,199,0,OWL2_DL - OWL2_FULL,OWL2_DL,0.0421,14.8603,1.7067,0.1027,0.9326,,0.2167
ore_ont_13139.owl,2140,3,12537,10373,2785,7568,20,0,24,0,OWL2_DL - OWL2_FULL,OWL2_DL,0.0533999999999999,7.6661,4.7414,0.0257,0.1459,0.1249,0.1786
ore_ont_14860.owl,287,1372,6281,5920,546,5367,7,30,45,0,OWL2_DL - OWL2_FULL,OWL2_DL,0.0754,,1.5823,0.0196,,,0.3005
ore_ont_11910.owl,2143,3,12558,10391,2803,7568,20,0,24,0,OWL2_DL - OWL2_FULL,OWL2_DL,0.0557,7.7166,4.8641,0.0253,0.1537,0.121,0.1769
ore_ont_9249.owl,154,1204,6609,6433,247,6180,6,1,22,0,OWL2_DL - OWL2_FULL,OWL2_DL,0.8307,1.5169,8.2262,0.0121999999999999,,,0.1679
ore_ont_11626.owl,1974,5,9520,7545,3698,3846,1,0,1,0,OWL2_DL - OWL2_FULL,OWL2_DL,0.0617,1.0487,3.175,0.0254,0.3014,0.221,0.1385
ore_ont_8933.owl,1275,15,12621,11342,2177,9161,4,0,4,0,OWL2_DL - OWL2_FULL,OWL2_DL,0.0786,5.711,4.2278,0.0177,0.1238,0.0847,0.1768
ore_ont_7372.owl,1275,15,12621,11342,2177,9161,4,0,4,0,OWL2_DL - OWL2_FULL,OWL2_DL,0.0786999999999999,5.6116,4.1605,0.0180999999999999,0.1107,0.0929,0.1767
ore_ont_14863.owl,1784,7,12958,11167,2116,9048,3,0,8,0,OWL2_DL - OWL2_FULL,OWL2_DL,0.1038999999999999,4.8843,3.56,0.0204,0.0734,0.0579,0.1799
ore_ont_1065.owl,2067,1,12104,10036,2349,7686,1,0,1,0,OWL2_DL - OWL2_RL - OWL2_FULL,OWL2_DL,0.0349,1.744,0.752,0.0222,0.0465,0.0394,0.168
ore_ont_5669.owl,2140,3,12761,10597,3009,7568,20,0,24,0,OWL2_DL - OWL2_FULL,OWL2_DL,0.133,7.7478,5.425,0.0260999999999999,0.6388,0.2805,0.1863
ore_ont_16509.owl,2419,0,12663,10233,3169,7055,9,0,11,0,OWL2_DL - OWL2_FULL,OWL2_DL,0.1235,10.2561,4.6962,0.0260999999999999,0.1566,0.1387,0.1777
ore_ont_7180.owl,2478,0,12904,10415,3228,7178,9,0,11,0,OWL2_DL - OWL2_FULL,OWL2_DL,0.1297,10.5353,4.6843,0.0266,0.1649,0.1394,0.1804
ore_ont_12000.owl,3300,0,14829,11528,5423,6104,1,0,1,0,OWL2_DL - OWL2_FULL,OWL2_DL,0.0832,1.3757,7.4607,0.0348,0.3799,0.2866,0.1906
ore_ont_16547.owl,3300,0,14846,11545,5440,6104,1,0,1,0,OWL2_DL - OWL2_FULL,OWL2_DL,0.0865,1.4116,7.9456,0.0351,0.385,0.2855,0.1905
ore_ont_15184.owl,2999,1135,9904,6376,4129,1872,375,32,498,0,OWL2_DL - OWL2_FULL,OWL2_DL,0.055,115.6625,2.5375,0.2433,6.0888,,0.4308
ore_ont_13857.owl,2999,1135,9912,6384,4129,1880,375,32,498,0,OWL2_DL - OWL2_FULL,OWL2_DL,0.0549,115.4705,2.6,0.2448,6.1211,,0.4304
ore_ont_14593.owl,2994,1152,9943,6429,4117,1930,382,32,489,0,OWL2_DL - OWL2_FULL,OWL2_DL,0.0555,136.2842,2.7515,0.2391,6.3809,,0.4295
ore_ont_9382.owl,2994,1152,9943,6429,4117,1930,382,32,489,0,OWL2_DL - OWL2_FULL,OWL2_DL,0.0556,136.1157,2.7568,0.2425,6.3615,,0.4267
ore_ont_9558.owl,2999,1135,9939,6411,4128,1908,375,32,498,0,OWL2_DL - OWL2_FULL,OWL2_DL,0.0549,117.9386,2.7168,0.2467,6.0486,,0.4305
ore_ont_6815.owl,2999,1135,9940,6412,4129,1908,375,32,498,0,OWL2_DL - OWL2_FULL,OWL2_DL,0.0543,116.377,2.6877,0.2445999999999999,5.9399,,0.4325
ore_ont_9758.owl,2999,1135,9940,6412,4129,1908,375,32,498,0,OWL2_DL - OWL2_FULL,OWL2_DL,0.0562999999999999,117.6809,2.7297,0.2439,6.0589,,0.4329
ore_ont_2531.owl,2994,1152,9969,6443,4129,1932,382,32,501,0,OWL2_DL - OWL2_FULL,OWL2_DL,0.0545999999999999,135.6723,2.7164,0.2453,6.3077,,0.4387
ore_ont_14331.owl,3005,1152,9996,6459,4145,1932,382,32,501,0,OWL2_DL - OWL2_FULL,OWL2_DL,0.0563,137.2932,2.6326,0.2488,6.5569,,0.4433
ore_ont_253.owl,1859,2390,10356,8493,3709,4780,4,0,4,0,OWL2_DL - OWL2_EL - OWL2_FULL,OWL2_EL,0.2264,1.3425,4.7646,0.0234,4.8375,3.477,0.188
ore_ont_10423.owl,3024,1173,10115,6561,4162,2023,376,32,499,0,OWL2_DL - OWL2_FULL,OWL2_DL,0.0555,126.0013,2.8058,0.2464,6.3169,,0.4486
ore_ont_6354.owl,3724,1270,10730,6503,4331,1704,468,0,504,0,OWL2_DL - OWL2_QL - OWL2_FULL,OWL2_DL,0.1596,1.0785,3.0274,0.1929,0.7088,0.5835,0.3691
ore_ont_4260.owl,2366,7,14791,12421,4430,7989,2,0,4,0,OWL2_DL - OWL2_FULL,OWL2_DL,0.1015,0.4696,6.6504,0.0305,0.1262,0.0938,0.1986
ore_ont_15917.owl,3018,0,13362,10340,4863,5474,3,0,4,0,OWL2_DL - OWL2_FULL,OWL2_DL,0.5091,2.464,8.0503,0.0332,0.3067,0.246,0.1955
ore_ont_15341.owl,3044,0,13480,10431,4832,5596,3,0,5,0,OWL2_DL - OWL2_FULL,OWL2_DL,0.5188,2.4068,8.9405,0.0344,0.2788,0.2558,0.1971
ore_ont_13840.owl,3044,0,13480,10431,4832,5596,3,0,5,0,OWL2_DL - OWL2_FULL,OWL2_DL,0.5393,2.4255,8.6896,0.034,0.2871,0.257,0.1972
ore_ont_1539.owl,2996,1135,10166,6641,4129,2137,375,32,498,0,OWL2_DL - OWL2_FULL,OWL2_DL,0.0574,126.7861,2.5775,0.2459,6.2054,,0.4463
ore_ont_14255.owl,2999,1135,10183,6655,4129,2151,375,32,498,0,OWL2_DL - OWL2_FULL,OWL2_DL,0.0550999999999999,129.4861,2.7612,0.2447,6.2388,,0.4482
ore_ont_8326.owl,2991,1152,10195,6672,4129,2161,382,32,501,0,OWL2_DL - OWL2_FULL,OWL2_DL,0.0549,145.7754,2.6354,0.2484,6.4954,,0.4494
ore_ont_10588.owl,3000,1135,10188,6660,4129,2156,375,32,497,0,OWL2_DL - OWL2_FULL,OWL2_DL,0.0556,125.6701,2.7193,0.2477,6.1935,,0.4447
ore_ont_8684.owl,2999,1135,10188,6660,4126,2159,375,32,498,0,OWL2_DL - OWL2_FULL,OWL2_DL,0.0552,126.8403,2.7264,0.2537,6.2954,,0.4439
ore_ont_13150.owl,2999,1135,10191,6663,4130,2158,375,32,498,0,OWL2_DL - OWL2_FULL,OWL2_DL,0.0550999999999999,128.37040000000002,2.6257,0.2497,6.311,,0.4387
ore_ont_259.owl,2999,1135,10191,6663,4129,2159,375,32,498,0,OWL2_DL - OWL2_FULL,OWL2_DL,0.0558,125.5221,2.6596,0.2514,6.1966,,0.4423
ore_ont_4162.owl,2999,1135,10191,6663,4129,2159,375,32,498,0,OWL2_DL - OWL2_FULL,OWL2_DL,0.0554,127.3691,2.6627,0.2462,6.2629,,0.4449
ore_ont_8359.owl,2999,1135,10191,6663,4129,2159,375,32,498,0,OWL2_DL - OWL2_FULL,OWL2_DL,0.055,122.1988,2.5862,0.2519,6.3212,,0.4452
ore_ont_8286.owl,2999,1135,10191,6663,4129,2159,375,32,498,0,OWL2_DL - OWL2_FULL,OWL2_DL,0.0557,127.7221,2.7305,0.2512,6.4134,,0.4475
ore_ont_4515.owl,2999,1135,10191,6663,4129,2159,375,32,498,0,OWL2_DL - OWL2_FULL,OWL2_DL,0.0550999999999999,130.1,2.6766,0.249,6.1149,,0.4471
ore_ont_16565.owl,2999,1135,10192,6664,4130,2159,375,32,498,0,OWL2_DL - OWL2_FULL,OWL2_DL,0.0559,129.622,2.6597,0.2425,6.3285,,0.4479
ore_ont_12884.owl,2999,1135,10192,6664,4130,2159,375,32,498,0,OWL2_DL - OWL2_FULL,OWL2_DL,0.0557,130.2247,2.6764,0.2438,6.2778,,0.4503
ore_ont_4581.owl,3001,1142,10205,6675,4131,2169,375,32,498,0,OWL2_DL - OWL2_FULL,OWL2_DL,0.0556,132.6419,2.5141,0.2420999999999999,6.3214,,0.4505
ore_ont_9186.owl,2995,1152,10220,6694,4129,2183,382,32,500,0,OWL2_DL - OWL2_FULL,OWL2_DL,0.0557,177.72,2.7779,0.2444,6.662,,0.4546
ore_ont_15352.owl,2994,1152,10220,6694,4129,2183,382,32,501,0,OWL2_DL - OWL2_FULL,OWL2_DL,0.0552,154.8347,2.5024,0.2419,6.4425,,0.4543
ore_ont_8171.owl,2994,1152,10220,6694,4129,2183,382,32,501,0,OWL2_DL - OWL2_FULL,OWL2_DL,0.056,144.8821,2.8506,0.2452,6.5167,,0.4539
ore_ont_5543.owl,2994,1152,10220,6694,4129,2183,382,32,501,0,OWL2_DL - OWL2_FULL,OWL2_DL,0.0565,142.7678,2.8040000000000003,0.2465,6.3766,,0.4511
ore_ont_9037.owl,2994,1152,10221,6695,4130,2183,382,32,501,0,OWL2_DL - OWL2_FULL,OWL2_DL,0.0561,144.1613,2.7909,0.247,6.5435,,0.4511
ore_ont_7775.owl,1398,1483,6688,5257,2892,2328,37,1,32,0,OWL2_DL - OWL2_FULL,OWL2_DL,0.3111,13.0617,4.6511,0.0483,3.3321,3.0154,0.1708
ore_ont_12474.owl,3006,1152,10245,6707,4150,2175,382,32,501,0,OWL2_DL - OWL2_FULL,OWL2_DL,0.0557,144.07240000000002,2.6892,0.2454,6.6013,,0.449
ore_ont_13700.owl,2554,1884,7219,4625,2687,1895,43,7,33,0,OWL2_DL - OWL2_FULL,OWL2_DL,0.2931999999999999,10.6558,4.1134,0.0516999999999999,0.6265,,0.2502
ore_ont_13851.owl,3535,1226,10569,6698,4841,1670,187,29,308,0,OWL2_DL - OWL2_FULL,OWL2_DL,0.0789,62.8703,3.535,0.2195,9.8926,,0.4272
ore_ont_14919.owl,3008,1165,10247,6710,4141,2194,375,32,498,0,OWL2_DL - OWL2_FULL,OWL2_DL,0.0564,128.96,2.7255,0.2438,6.396,,0.4497
ore_ont_8668.owl,3535,1226,10575,6704,4842,1675,187,29,308,0,OWL2_DL - OWL2_FULL,OWL2_DL,0.0773,64.2494,3.5758,0.2243,10.6454,,0.4277
ore_ont_11696.owl,3535,1226,10576,6705,4842,1676,187,29,308,0,OWL2_DL - OWL2_FULL,OWL2_DL,0.0761999999999999,61.933,3.2811,0.2229,10.2628,,0.4252
ore_ont_16017.owl,3535,1226,10579,6708,4842,1679,187,29,308,0,OWL2_DL - OWL2_FULL,OWL2_DL,0.0784,64.1905,3.4608,0.2217,10.1643,,0.4279
ore_ont_14183.owl,3539,1226,10585,6709,4847,1675,187,29,308,0,OWL2_DL - OWL2_FULL,OWL2_DL,0.0746,64.523,3.3963,0.2222,9.8665,,0.4264
ore_ont_6847.owl,3534,1226,10578,6708,4840,1681,187,29,308,0,OWL2_DL - OWL2_FULL,OWL2_DL,0.0769,57.5523,3.3461,0.2262,10.2014,,0.4239
ore_ont_4958.owl,3535,1226,10579,6708,4840,1681,187,29,308,0,OWL2_DL - OWL2_FULL,OWL2_DL,0.0756999999999999,56.3812,3.4064,0.2207,10.547,,0.4243
ore_ont_4429.owl,3005,1178,10273,6736,4144,2210,382,32,501,0,OWL2_DL - OWL2_FULL,OWL2_DL,0.0574,147.2853,2.7872,0.2455999999999999,6.4953,,0.4516
ore_ont_10058.owl,3535,1226,10583,6713,4840,1686,187,29,307,0,OWL2_DL - OWL2_FULL,OWL2_DL,0.0769,63.7365,3.3402,0.2212,10.3106,,0.4275
ore_ont_3584.owl,2998,1164,10277,6747,4135,2230,382,32,501,0,OWL2_DL - OWL2_FULL,OWL2_DL,0.0569,149.763,2.7882,0.2482,6.6106,,0.4507
ore_ont_4188.owl,3535,1226,10585,6714,4841,1686,187,29,308,0,OWL2_DL - OWL2_FULL,OWL2_DL,0.0766,63.2723,3.2639,0.221,10.0576,,0.423
ore_ont_4770.owl,3535,1226,10585,6714,4841,1686,187,29,308,0,OWL2_DL - OWL2_FULL,OWL2_DL,0.0775,62.9783,3.2145,0.2245,9.9658,,0.4234
ore_ont_7084.owl,3043,1135,10286,6713,4190,2148,375,33,498,0,OWL2_DL - OWL2_FULL,OWL2_DL,0.056,125.9364,2.7376,0.2435999999999999,6.4704,,0.4468
ore_ont_11289.owl,3539,1226,10595,6719,4847,1685,187,29,308,0,OWL2_DL - OWL2_FULL,OWL2_DL,0.0757,61.8538,3.3826,0.2207,9.6059,,0.4193
ore_ont_11948.owl,3539,1226,10595,6719,4847,1685,187,29,308,0,OWL2_DL - OWL2_FULL,OWL2_DL,0.0761,62.9808,3.4837,0.2211,10.1079,,0.4251
ore_ont_8719.owl,2998,1176,10274,6744,4137,2225,382,32,501,0,OWL2_DL - OWL2_FULL,OWL2_DL,0.0569,151.71880000000002,2.6973000000000003,0.2522,6.8283,,0.4503
ore_ont_14878.owl,3562,1226,10621,6723,4873,1663,187,29,308,0,OWL2_DL - OWL2_FULL,OWL2_DL,0.076,63.0339,3.2383,0.2222,10.4991,,0.4192
ore_ont_4092.owl,3535,1226,10597,6726,4840,1699,187,29,308,0,OWL2_DL - OWL2_FULL,OWL2_DL,0.0757999999999999,58.7626,3.4854000000000003,0.2199,10.0567,,0.4168
ore_ont_15355.owl,2147,7568,12571,10397,2805,7568,24,0,28,0,OWL2_DL - OWL2_EL - OWL2_FULL,OWL2_EL,0.057,7.6634,4.8714,0.026,0.3264,0.2791,0.2305
ore_ont_5298.owl,3555,1226,10630,6739,4866,1686,187,29,308,0,OWL2_DL - OWL2_FULL,OWL2_DL,0.0785,65.714,3.3274,0.2231,9.8295,,0.4187
ore_ont_14237.owl,3538,1226,10618,6744,4846,1711,187,29,308,0,OWL2_DL - OWL2_FULL,OWL2_DL,0.076,66.33,3.4952,0.2266,9.9981,,0.4248
ore_ont_13679.owl,3044,1152,10345,6760,4192,2183,385,32,510,0,OWL2_DL - OWL2_FULL,OWL2_DL,0.0576,148.8123,2.8169,0.2566,6.7417,,0.4512
ore_ont_7537.owl,3535,1226,10644,6773,4840,1746,187,29,308,0,OWL2_DL - OWL2_FULL,OWL2_DL,0.0786999999999999,58.7232,3.2863,0.2259,9.8435,,0.4236
ore_ont_5398.owl,3546,1226,10672,6790,4858,1745,187,29,308,0,OWL2_DL - OWL2_FULL,OWL2_DL,0.079,57.7907,3.5044,0.2322,9.7655,,0.4256
ore_ont_336.owl,3587,1231,10691,6768,4901,1680,187,29,308,0,OWL2_DL - OWL2_FULL,OWL2_DL,0.0775,65.6744,3.4916,0.2358,11.3908,,0.4272
ore_ont_9534.owl,3052,1177,10383,6801,4206,2220,375,33,498,0,OWL2_DL - OWL2_FULL,OWL2_DL,0.0598,138.8599,2.95,0.2905,6.8201,,0.4822
ore_ont_14286.owl,2366,7,14791,12421,4430,7989,2,0,4,0,OWL2_DL - OWL2_FULL,OWL2_DL,0.1,0.4618,6.6497,0.0291,0.1326,0.0957,0.1951
ore_ont_2213.owl,3016,1190,10420,6869,4165,2321,383,32,504,0,OWL2_DL - OWL2_FULL,OWL2_DL,0.0599,156.6764,2.7805,0.3167,7.2228,,0.5253
ore_ont_11989.owl,3010,1135,10359,6820,4150,2295,375,32,498,0,OWL2_DL - OWL2_FULL,OWL2_DL,0.0571,129.186,2.5543,0.273,6.2803,,0.4718
ore_ont_12468.owl,2997,1135,10377,6851,4130,2346,375,32,498,0,OWL2_DL - OWL2_FULL,OWL2_DL,0.059,130.5907,2.7844,0.2759,6.1971,,0.4738
ore_ont_13674.owl,3005,1152,10388,6851,4150,2319,382,32,501,0,OWL2_DL - OWL2_FULL,OWL2_DL,0.0578,146.8703,2.6621,0.2733,6.3197,,0.4729
ore_ont_9896.owl,2393,0,14473,12076,3684,8389,3,0,4,0,OWL2_DL - OWL2_FULL,OWL2_DL,0.5596,3.3706,9.6042,0.0279,0.2441,0.2204,0.2082
ore_ont_3771.owl,2231,426,5324,3093,2622,471,0,0,0,0,OWL2_DL - OWL2_QL - OWL2_EL - OWL2_RL - OWL2_FULL,OWL2_EL,0.0074,0.7422,0.158,0.0245,0.1135,0.0827,0.1181
ore_ont_891.owl,3539,1226,10783,6907,4845,1875,187,29,308,0,OWL2_DL - OWL2_FULL,OWL2_DL,0.0756,69.0429,3.4272,0.269,10.4274,,0.4568
ore_ont_10892.owl,3535,1226,10826,6955,4840,1928,187,29,308,0,OWL2_DL - OWL2_FULL,OWL2_DL,0.0802,74.3418,3.2742,0.272,10.6512,,0.4607
ore_ont_4423.owl,3538,1226,10820,6945,4843,1915,187,30,308,0,OWL2_DL - OWL2_FULL,OWL2_DL,0.0764,74.732,3.4314,0.2702,10.3053,,0.4844
ore_ont_1062.owl,3538,1226,10820,6945,4843,1915,187,30,308,0,OWL2_DL - OWL2_FULL,OWL2_DL,0.0765,73.8099,3.2413,0.2849,10.3219,,0.4807
ore_ont_14367.owl,3008,1220,10650,7111,4152,2584,375,32,500,0,OWL2_DL - OWL2_FULL,OWL2_DL,0.0735,170.8185,3.2188,0.2512,8.3962,,0.4614
ore_ont_8688.owl,3003,1237,10679,7142,4152,2608,382,32,503,0,OWL2_DL - OWL2_FULL,OWL2_DL,0.0739,219.5421,3.1764,0.2557,8.6221,,0.4635
ore_ont_6892.owl,3227,1137,10721,6958,4419,2162,377,33,504,0,OWL2_DL - OWL2_FULL,OWL2_DL,0.0577,132.0532,3.0824,0.2482,6.3283,,0.4508
ore_ont_7015.owl,2356,963,15949,13590,2484,11106,0,0,3,0,OWL2_DL - OWL2_FULL,OWL2_DL,0.1003,0.3655,3.2712,0.0236,0.0771,0.0544,0.2212
ore_ont_13078.owl,1903,2723,11157,9250,3800,5446,4,0,4,0,OWL2_DL - OWL2_EL - OWL2_FULL,OWL2_EL,0.2711,1.6533,5.3465,0.0237,5.7931,4.3475,0.1986
ore_ont_7188.owl,1903,2723,11157,9250,3800,5446,4,0,4,0,OWL2_DL - OWL2_EL - OWL2_FULL,OWL2_EL,0.2676,1.7337,5.5082,0.024,5.8492,4.1015,0.2002
ore_ont_15013.owl,3304,6104,14851,11547,5442,6104,1,0,1,0,OWL2_DL - OWL2_EL - OWL2_FULL,OWL2_EL,0.0866,1.3868,7.6728,0.0394,0.6273,0.4826,0.2423
ore_ont_4587.owl,3544,1261,11085,7205,4853,2165,187,29,308,0,OWL2_DL - OWL2_FULL,OWL2_DL,0.0849,84.997,3.5835,0.2801,11.2942,,0.5013
ore_ont_13336.owl,3731,1543,11471,7226,4338,2402,486,0,515,0,OWL2_DL - OWL2_QL - OWL2_FULL,OWL2_DL,0.1889,1.1212,,0.2031,0.7202,0.6065,0.3983
ore_ont_12152.owl,3724,1290,11424,7173,4772,1934,467,0,529,0,OWL2_DL - OWL2_EL - OWL2_FULL,OWL2_EL,0.2938,61.7224,4.5444,0.2813,62.2274,38.3087,0.4968
ore_ont_10481.owl,3731,1290,11444,7186,4785,1934,467,0,529,0,OWL2_DL - OWL2_EL - OWL2_FULL,OWL2_EL,0.2974,63.295,4.4406,0.2806,63.2004,38.264,0.4972
ore_ont_16759.owl,3732,1267,11621,7368,4776,2139,453,0,523,0,OWL2_DL - OWL2_EL - OWL2_FULL,OWL2_EL,0.3087,70.1866,4.5135,0.2828,59.5957,39.9939,0.507
ore_ont_16124.owl,3729,1272,11627,7378,4772,2153,453,0,522,0,OWL2_DL - OWL2_EL - OWL2_FULL,OWL2_EL,0.3051,71.3368,4.3244,0.2769,61.6205,38.9162,0.5023
ore_ont_1469.owl,3723,1290,11673,7424,4772,2185,467,0,528,0,OWL2_DL - OWL2_EL - OWL2_FULL,OWL2_EL,0.2856999999999999,71.9981,4.5392,0.3107,62.1823,37.5124,0.5224
ore_ont_11124.owl,2375,7,15622,13212,5112,8085,15,0,35,0,OWL2_DL - OWL2_FULL,OWL2_DL,,4.9879,,0.0587,,98.6472,0.2449
ore_ont_11131.owl,3047,5596,13488,10435,4836,5596,3,0,6,0,OWL2_DL - OWL2_QL - OWL2_FULL,OWL2_DL,0.5457000000000001,0.515,8.6028,0.0353,0.8744,0.7,0.2356
ore_ont_4182.owl,1819,6255,12063,10213,2614,7579,20,0,32,0,OWL2_DL - OWL2_EL - OWL2_FULL,OWL2_EL,11.6689,3.8935,,0.0248,0.6274,0.544,0.226
ore_ont_11305.owl,3661,346,9590,5793,5216,425,152,9,128,0,OWL2_DL - OWL2_FULL,OWL2_DL,,,,,,,0.1856
ore_ont_1965.owl,3740,1272,11803,7543,4793,2297,453,0,522,0,OWL2_DL - OWL2_EL - OWL2_FULL,OWL2_EL,0.317,71.9358,4.5077,0.3041999999999999,61.1391,42.4312,0.5078
ore_ont_15475.owl,3754,1393,11907,7633,4806,2374,453,0,522,0,OWL2_DL - OWL2_EL - OWL2_FULL,OWL2_EL,0.3224,79.7753,4.6026,0.3143,68.1696,52.1347,0.5234
ore_ont_8844.owl,4396,1313,12380,7637,5633,1722,282,0,349,0,OWL2_DL - OWL2_EL - OWL2_FULL,OWL2_EL,0.4141999999999999,48.6091,5.2265,0.1979,84.1634,65.7016,0.4191
ore_ont_14191.owl,4396,1306,12402,7664,5628,1754,282,0,344,0,OWL2_DL - OWL2_EL - OWL2_FULL,OWL2_EL,0.4,44.599,5.842,0.1989,83.5479,58.8413,0.4165
ore_ont_9800.owl,1681,1955,11587,9831,2486,7337,8,34,42,0,OWL2_DL - OWL2_FULL,OWL2_DL,,5.018,,0.0512,0.7128,0.6061,0.3898
ore_ont_4780.owl,4417,1321,12624,7859,5653,1924,282,0,350,0,OWL2_DL - OWL2_EL - OWL2_FULL,OWL2_EL,0.4407,57.3033,5.843500000000001,0.2423,85.6862,65.7814,0.4734
ore_ont_3839.owl,6602,0,18555,11953,6603,5350,0,0,0,0,OWL2_DL - OWL2_RL - OWL2_FULL,OWL2_DL,0.0409,0.7424,0.7837000000000001,0.074,0.2426,0.1968,0.2548
ore_ont_9257.owl,6602,0,18555,11953,6603,5350,0,0,0,0,OWL2_DL - OWL2_RL - OWL2_FULL,OWL2_DL,0.0385,0.7501,0.7353000000000001,0.0736,0.2322,0.1824,0.2557
ore_ont_10608.owl,2377,8082,14918,12537,4453,8082,2,0,4,0,OWL2_DL - OWL2_QL - OWL2_FULL,OWL2_DL,0.1055,0.4331,6.7462,0.0312,0.4277,0.4437,0.2706
ore_ont_10991.owl,2370,7989,14796,12423,4432,7989,2,0,4,0,OWL2_DL - OWL2_EL - OWL2_FULL,OWL2_EL,0.1032,0.4465,6.7333,0.0305,0.2514,0.193,0.2633
ore_ont_14258.owl,1913,3,19299,17382,2598,14780,4,0,4,0,OWL2_DL - OWL2_FULL,OWL2_DL,0.1325,10.0226,9.4187,0.0618,0.0605,0.0666,0.2596
ore_ont_7488.owl,1672,10772,14772,13074,2282,10772,20,0,26,0,OWL2_DL - OWL2_QL - OWL2_FULL,OWL2_DL,0.0774,0.3287,6.4591,0.0528,0.2072,0.2531,0.2976
ore_ont_13124.owl,3779,0,16809,13026,7165,5858,3,0,4,0,OWL2_DL - OWL2_FULL,OWL2_DL,0.167,1.5708,7.8636,0.045,0.6278,0.5942,0.227
ore_ont_5841.owl,5703,1466,16745,10788,9109,1480,199,39,215,0,OWL2_DL - OWL2_FULL,OWL2_DL,0.2145,5.3184000000000005,7.6711,0.0999,0.3989,0.3637,0.2742
ore_ont_7195.owl,2878,9,19474,16591,5310,11276,5,0,5,0,OWL2_DL - OWL2_FULL,OWL2_DL,0.1538,5.524,10.7622,0.0366999999999999,0.3452,0.2724,0.2649
ore_ont_16453.owl,1867,0,18671,16802,2732,14069,1,0,2,0,OWL2_DL - OWL2_FULL,OWL2_DL,1.0679,2.9281,15.7977,0.0209,0.1858,0.1608,0.2621
ore_ont_13949.owl,2920,9,19893,16968,5421,11542,5,0,5,0,OWL2_DL - OWL2_FULL,OWL2_DL,0.1606,5.5755,11.062,0.0366999999999999,0.373,0.2838,0.2716
ore_ont_15921.owl,187,3307,8874,8624,385,8234,5,0,64,0,OWL2_DL - OWL2_QL - OWL2_EL - OWL2_FULL,OWL2_EL,0.1393,0.4162,2.9599,0.0151,0.2404,0.242,0.2784
ore_ont_5492.owl,4366,0,21274,16900,4454,12442,4,0,8,0,OWL2_DL - OWL2_FULL,OWL2_DL,0.0766999999999999,8.2394,3.5752,0.0402,0.0945,0.0794,0.2861
ore_ont_1112.owl,4366,0,21274,16900,4454,12442,4,0,8,0,OWL2_DL - OWL2_FULL,OWL2_DL,0.0779,8.0177,3.5368,0.0401,0.083,0.0867,0.2847
ore_ont_12665.owl,4366,0,21281,16907,4453,12450,4,0,8,0,OWL2_DL - OWL2_FULL,OWL2_DL,0.1,8.1175,3.5202,0.0403,0.088,0.0765,0.2821
ore_ont_9881.owl,269,4297,12947,12633,533,12076,24,19,27,0,OWL2_DL - OWL2_FULL,OWL2_DL,12.7338,,60.3974,0.0283,494.9122,637.6074,0.6068
ore_ont_11411.owl,300,4297,13009,12664,564,12076,24,19,27,0,OWL2_DL - OWL2_FULL,OWL2_DL,12.6344,,65.8627,0.0286,490.0349,646.7377,0.608
ore_ont_10197.owl,300,4297,13009,12664,564,12076,24,19,27,0,OWL2_DL - OWL2_FULL,OWL2_DL,12.7881,,63.7928,0.0287,484.4507,647.2554,0.6068
ore_ont_9386.owl,777,2379,10923,10120,1092,9016,12,0,27,0,OWL2_DL - OWL2_EL - OWL2_FULL,OWL2_EL,,2.6261,,0.0159,135.63,,0.21
ore_ont_16750.owl,219,2197,11340,11103,367,10730,6,0,19,0,OWL2_DL - OWL2_FULL,OWL2_DL,3.7696,2.5592,40.9966,0.0185,,,0.3261
ore_ont_950.owl,293,2045,11927,11612,545,11061,6,1,22,0,OWL2_DL - OWL2_FULL,OWL2_DL,3.699,2.4641,41.1605,0.018,17.1649,23.3123,0.3603
ore_ont_13991.owl,3120,4088,12263,8229,4025,4088,116,313,465,0,OWL2_DL - OWL2_FULL,OWL2_DL,,,2.4351,0.254,8.9673,7.3123,0.6201
ore_ont_7203.owl,6725,6,21531,14769,8783,5974,12,0,39,0,OWL2_DL - OWL2_FULL,OWL2_DL,108.3312,3.2021,112.8731,0.1122,17.1329,9.4339,0.3429
ore_ont_9596.owl,6136,0,18960,12823,12163,660,0,0,1,0,OWL2_DL - OWL2_FULL,OWL2_DL,0.1364,0.7603,7.6586,0.0708,0.1885,0.1791,0.2343
ore_ont_4609.owl,206,4282,13830,13556,595,12844,117,3,66,0,OWL2_DL - OWL2_FULL,OWL2_DL,,,,0.0786,52.8151,31.9466,0.8298
ore_ont_15680.owl,206,4282,13830,13556,595,12844,117,3,66,0,OWL2_DL - OWL2_FULL,OWL2_DL,,,,0.0776,24.8535,32.9737,0.8373
ore_ont_8627.owl,221,4237,10504,10221,465,9750,6,0,64,0,OWL2_DL - OWL2_EL - OWL2_FULL,OWL2_EL,18.5149,16.6979,56.9965,0.0347,6.1234,46.1011,0.425
ore_ont_3781.owl,5949,0,17258,11307,10916,391,0,0,2,0,OWL2_DL - OWL2_FULL,OWL2_DL,0.9153,0.6431,7.3204,0.0603,0.1311,0.0859,0.2397
ore_ont_7356.owl,5953,391,17263,11309,10918,391,0,0,2,0,OWL2_DL - OWL2_EL - OWL2_FULL,OWL2_EL,0.861,0.6732,7.2232,0.0603999999999999,0.3605,0.2907,0.245
ore_ont_10425.owl,19,290,12656,12566,173,12339,54,62,10,0,OWL2_DL - OWL2_FULL,OWL2_DL,0.0521,0.6935,2.3521,0.0067,0.0955,,0.3685
ore_ont_4567.owl,4265,3573,19191,14450,8271,5949,230,49,428,0,OWL2_DL - OWL2_FULL,OWL2_DL,1.9179,,,1.0421,117.3499,,1.5214
ore_ont_10384.owl,3832,0,23394,19558,7277,12278,3,0,4,0,OWL2_DL - OWL2_FULL,OWL2_DL,0.2534,2.8349,14.2583,0.0424,0.6859,0.5021,0.3105
ore_ont_2624.owl,3832,0,23394,19558,7277,12278,3,0,4,0,OWL2_DL - OWL2_FULL,OWL2_DL,0.2499,2.8551,14.3146,0.0425,0.6386,0.512,0.3113
ore_ont_22.owl,2208,0,20920,18698,4059,14635,4,0,14,0,OWL2_DL - OWL2_FULL,OWL2_DL,1.5982,7.841699999999999,16.7662,0.0302,0.3652,0.2931,0.2957
ore_ont_8705.owl,6326,5,22331,16002,10911,5088,3,0,3,0,OWL2_DL - OWL2_FULL,OWL2_DL,0.7102999999999999,3.5924,17.4558,0.0779,0.7542,0.6497999999999999,0.3254
ore_ont_2578.owl,6326,5,22331,16002,10911,5088,3,0,3,0,OWL2_DL - OWL2_FULL,OWL2_DL,0.684,3.7262,18.2045,0.0793,0.7134,0.6785,0.3289
ore_ont_3516.owl,2726,0,16818,14084,13461,620,3,0,8,0,OWL2_DL - OWL2_FULL,OWL2_DL,0.107,0.8586,2.5697,0.0423,5.4906,4.2102,0.2126
ore_ont_15063.owl,124,1605,12040,11871,268,11575,27,37,11,0,OWL2_DL - OWL2_FULL,OWL2_DL,1.0164,0.4476,4.5495,0.0234,3.8729,,0.1445
ore_ont_8779.owl,187,4354,11648,11398,385,11008,5,0,64,0,OWL2_DL - OWL2_QL - OWL2_EL - OWL2_FULL,OWL2_EL,0.2303,0.6304,4.7965,0.0159,0.2926,0.2602,0.3587
ore_ont_8882.owl,221,4355,11762,11479,465,11008,6,0,64,0,OWL2_DL - OWL2_EL - OWL2_FULL,OWL2_EL,9.4882,18.6706,79.7277,0.0388,7.4801,25.0657,0.4709
ore_ont_7345.owl,23,2221,9972,9759,391,9284,80,30,160,0,OWL2_DL - OWL2_FULL,OWL2_DL,0.0536,0.2658,1.4668,0.0357,0.0899,,0.1494
ore_ont_9303.owl,726,2125,11295,10505,2405,8089,11,27,37,0,OWL2_DL - OWL2_FULL,OWL2_DL,,,,,,,0.3524
ore_ont_2792.owl,3829,2423,14984,10737,7378,3165,194,46,373,0,OWL2_DL - OWL2_FULL,OWL2_DL,1.5282,,104.3829,0.8137,79.7635,,1.1524
ore_ont_5721.owl,126,5574,13575,13372,251,13058,63,0,79,0,OWL2_DL - OWL2_EL - OWL2_FULL,OWL2_EL,0.54,8.4898,8.7563,0.0221999999999999,0.3823,0.3202,0.3273
ore_ont_802.owl,1395,3764,13078,11596,1571,10016,9,49,39,0,OWL2_DL - OWL2_FULL,OWL2_DL,0.2331,99.5488,5.8349,0.0378,0.8681,,0.2997
ore_ont_15871.owl,133,3347,15327,15182,155,15025,2,3,10,0,OWL2_DL - OWL2_FULL,OWL2_DL,0.0516,,2.2317,0.0155,,,0.4623
ore_ont_205.owl,5496,149,17893,12291,11953,223,115,0,107,0,OWL2_DL - OWL2_FULL,OWL2_DL,626.2505,65.9452,,7.559699999999999,,,7.8662
ore_ont_13082.owl,206,1617,13370,13159,258,12900,1,2,3,0,OWL2_DL - OWL2_FULL,OWL2_DL,0.1095,,2.2589,0.0168,,,0.3473
ore_ont_4639.owl,2795,1,26028,23228,10550,12674,4,0,5,0,OWL2_DL - OWL2_FULL,OWL2_DL,0.1602,4.4767,12.0891,0.0355,2.8335,2.3879,0.333
ore_ont_7251.owl,6731,0,29333,22597,8410,14187,0,0,5,0,OWL2_DL - OWL2_FULL,OWL2_DL,4.1016,0.6926,47.4382,0.0658,0.1187,0.1141,0.3983
ore_ont_10949.owl,1728,9486,18088,14881,5256,9486,139,379,1101,0,OWL2_DL - OWL2_FULL,OWL2_DL,2.4363,,7.0495,1.7946,,,3.4637
ore_ont_8148.owl,3878,3089,17186,12870,7486,5183,201,47,392,0,OWL2_DL - OWL2_FULL,OWL2_DL,2.0717,,144.1674,0.8371,98.0922,,1.304
ore_ont_6792.owl,458,3532,13314,12799,828,11939,32,0,59,0,OWL2_DL - OWL2_EL - OWL2_FULL,OWL2_EL,25.5241,2.357,148.1742,0.0537,112.0268,1191.5126,0.7316
ore_ont_1767.owl,1934,1,34403,32465,3520,28941,4,0,4,0,OWL2_DL - OWL2_FULL,OWL2_DL,0.5887,19.2353,8.7147,0.0968,0.0513,0.0554,0.4614
ore_ont_12191.owl,5823,5462,26875,20398,11287,8762,349,56,599,0,OWL2_DL - OWL2_FULL,OWL2_DL,4.3421,,,2.4083,265.6856,,2.9816
ore_ont_3562.owl,7041,11,29459,22399,12477,9912,10,0,19,0,OWL2_DL - OWL2_FULL,OWL2_DL,5.1764,8.7926,39.6532,0.1644,8.7852,5.1624,0.5243
ore_ont_668.owl,322,2466,16643,16001,1435,14180,386,73,247,0,OWL2_DL - OWL2_FULL,OWL2_DL,0.1878,,5.6146,0.7904,,,0.6759
ore_ont_8989.owl,39,3041,15549,15447,275,15166,6,33,31,0,OWL2_DL - OWL2_FULL,OWL2_DL,,,,,,,0.4698
ore_ont_4127.owl,2799,12674,26033,23230,10552,12674,4,0,5,0,OWL2_DL - OWL2_EL - OWL2_FULL,OWL2_EL,0.1725,4.6127,12.0722,0.0355,2.9699,2.6185,0.4377
ore_ont_13690.owl,6873,11,31773,24882,14341,10531,10,0,18,0,OWL2_DL - OWL2_FULL,OWL2_DL,0.6819,6.3774,31.4924,0.1057,0.8068,0.7775,0.4505
ore_ont_4662.owl,8342,0,33367,25024,8339,16685,0,0,1,0,OWL2_DL - OWL2_FULL,OWL2_DL,11.4608,1.0516,103.8133,0.0966,0.1375,0.1365,0.4896
ore_ont_257.owl,716,2871,16945,16189,924,15258,7,20,21,0,OWL2_DL - OWL2_FULL,OWL2_DL,0.3768,,36.2772,0.0497,,,0.5563
ore_ont_13230.owl,680,2888,16963,16243,879,15357,7,20,21,0,OWL2_DL - OWL2_FULL,OWL2_DL,0.3913,,37.4103,0.0508,,,0.558
ore_ont_12284.owl,7081,0,34884,27798,12531,15267,0,0,5,0,OWL2_DL - OWL2_FULL,OWL2_DL,4.6132,1.1065,53.9555,0.0854,0.2082,0.1929,0.4809
ore_ont_11126.owl,12,297,21080,20979,149,20750,80,84,6,0,OWL2_DL - OWL2_FULL,OWL2_DL,,,,,,,0.5861
ore_ont_2719.owl,7232,0,35670,28432,12772,15660,0,0,6,0,OWL2_DL - OWL2_FULL,OWL2_DL,4.989,1.1238,56.9289,0.0867,0.2302,0.1887,0.4934
ore_ont_9792.owl,5899,2465,25356,19279,8364,10889,26,0,178,0,OWL2_DL - OWL2_QL - OWL2_EL - OWL2_RL - OWL2_FULL,OWL2_EL,0.9664,0.7764,8.9719,0.1236,0.3893,0.3688,0.4235
ore_ont_10080.owl,3535,161,32165,28509,28106,295,108,6,118,0,OWL2_DL - OWL2_FULL,OWL2_DL,,261.029,,0.4637,,,0.8004
ore_ont_8792.owl,9800,1,45349,35549,13044,22505,0,0,0,0,OWL2_DL - OWL2_RL - OWL2_FULL,OWL2_DL,0.2392,1.1747,3.6113,0.1147,0.2476,0.1991,0.6057
ore_ont_10951.owl,334,4330,22425,22073,591,21476,6,0,19,0,OWL2_DL - OWL2_FULL,OWL2_DL,117.4175,7.6334,743.8733,0.0291,,,0.7454
ore_ont_5548.owl,8222,661,24064,15815,8765,7049,1,25,3,0,OWL2_DL - OWL2_FULL,OWL2_DL,,,,,,,
ore_ont_1743.owl,7236,15660,35675,28434,12774,15660,0,0,6,0,OWL2_DL - OWL2_EL - OWL2_FULL,OWL2_EL,4.9305,1.0691,57.089,,6.1768,4.0879,0.6262
ore_ont_5368.owl,6104,6101,30571,24449,6148,18301,0,15,3,0,OWL2_DL - OWL2_FULL,OWL2_DL,0.685,1.0944,26.1584,0.0554,0.3745,0.3374,0.5226
ore_ont_9577.owl,7782,7805,38329,29607,16481,12551,575,69,872,0,OWL2_DL - OWL2_FULL,OWL2_DL,46.8318,,,31.8786,,,33.1183
ore_ont_4775.owl,435,5180,27199,26744,773,25965,6,1,20,0,OWL2_DL - OWL2_FULL,OWL2_DL,658.5483,8.4067,,0.0327,,,0.8542
ore_ont_13052.owl,8223,4666,36789,28536,13270,15265,1,28,3,0,OWL2_DL - OWL2_FULL,OWL2_DL,,,,,,,2.5528
ore_ont_9739.owl,8022,22,46166,38119,16014,22079,26,0,25,0,OWL2_DL - OWL2_FULL,OWL2_DL,66.6628,,419.5427,0.3472,,,0.9627
ore_ont_239.owl,8022,22,46166,38119,16014,22079,26,0,25,0,OWL2_DL - OWL2_FULL,OWL2_DL,66.4873,,432.8402,0.349,,,0.9714
ore_ont_8441.owl,7802,22,50419,42596,19450,23122,24,0,21,0,OWL2_DL - OWL2_FULL,OWL2_DL,7.1659,158.1204,139.3613,0.1303,1.0009,1.0783,0.7459
ore_ont_7174.owl,7802,22,50419,42596,19450,23122,24,0,21,0,OWL2_DL - OWL2_FULL,OWL2_DL,7.3465,158.9264,138.55620000000002,0.1294,0.9671,0.9194,0.744
ore_ont_1954.owl,6993,7860,23125,16132,8272,7860,0,0,0,0,OWL2_DL - OWL2_QL - OWL2_EL - OWL2_RL - OWL2_FULL,OWL2_EL,0.0681,0.6803,2.3086,0.0701,0.3213,0.2917,0.4774
ore_ont_11282.owl,30810,653,61623,30804,30143,653,8,0,10,0,OWL2_DL - OWL2_FULL,OWL2_DL,1.4574,2.7338,29.1976,0.2964,2.858,3.2,0.883
ore_ont_7706.owl,11596,9,56766,45144,18148,26987,9,0,26,0,OWL2_DL - OWL2_FULL,OWL2_DL,17.9223,33.8641,146.4826,0.151,1.9541,1.5576,0.8156
ore_ont_16542.owl,2622,12573,43149,40482,2876,37582,24,19,27,0,OWL2_DL - OWL2_FULL,OWL2_DL,40.1525,,266.32,0.0823,,,1.4225
ore_ont_14223.owl,8026,22079,48323,40267,18158,22079,30,0,31,0,OWL2_DL - OWL2_QL - OWL2_FULL,OWL2_DL,0.7552,2.499,65.0101,0.1055,1.0765,0.9522,0.8805
ore_ont_11085.owl,22643,9486,57551,33151,22831,9486,834,0,1758,0,OWL2_DL - OWL2_QL - OWL2_FULL,OWL2_DL,0.461,,10.9819,2.9947,150.3035,116.8366,31.9171
ore_ont_12452.owl,9170,36303,56653,47483,11179,36303,1,0,1,0,OWL2_DL - OWL2_EL - OWL2_RL - OWL2_FULL,OWL2_EL,0.6421,7.9526,6.6555,0.0961,0.6921,0.6058,1.1006
ore_ont_9694.owl,2624,12573,43173,40504,2898,37582,24,19,27,0,OWL2_DL - OWL2_FULL,OWL2_DL,39.9682,,241.0707,0.091,,,1.5142
ore_ont_14897.owl,4274,3,64436,60111,11310,48772,29,0,51,0,OWL2_DL - OWL2_FULL,OWL2_DL,,297.1974,,0.2231,,,1.1748
ore_ont_1330.owl,8654,22079,51392,42709,20595,22079,35,0,31,0,OWL2_DL - OWL2_EL - OWL2_FULL,OWL2_EL,,,,0.2525,54.6852,,1.0885
ore_ont_12992.owl,11708,27127,57300,45565,18429,27127,9,0,29,0,OWL2_DL - OWL2_EL - OWL2_FULL,OWL2_EL,20.5273,31.662,188.2744,0.1413,35.8048,23.7462,1.0744
ore_ont_9684.owl,4443,3,69187,64693,12087,52577,29,0,51,0,OWL2_DL - OWL2_FULL,OWL2_DL,,326.096,,0.2366,,,1.2753
ore_ont_10391.owl,80,5935,33133,32959,162,32766,31,17,77,0,OWL2_DL - OWL2_RL - OWL2_FULL,OWL2_DL,4.4933,50.507,33.9771,0.04,2.4034,,0.9536
ore_ont_13526.owl,78,5933,33133,32967,157,32780,30,15,73,0,OWL2_DL - OWL2_RL - OWL2_FULL,OWL2_DL,4.6163,,36.1218,0.0391,2.5828,,0.9471
ore_ont_8480.owl,6929,24910,51555,44509,2537,41814,158,0,118,0,OWL2_DL - OWL2_FULL,OWL2_DL,,,,0.4926,,,5.396
ore_ont_13233.owl,7150,24910,52362,45046,2983,41831,232,0,169,0,OWL2_DL - OWL2_EL - OWL2_FULL,OWL2_EL,,,,0.4289,,,4.3817
ore_ont_4049.owl,216,11758,61713,59261,4328,53737,1196,1078,1152,0,OWL2_DL,OWL2_DL,,,,,,,1.6468
ore_ont_6444.owl,348,8294,43865,43495,612,42877,6,1,22,0,OWL2_DL - OWL2_FULL,OWL2_DL,323.4421,25.9412,,0.0436999999999999,,,1.1821
ore_ont_11311.owl,8022,22,76021,67974,22769,45179,26,0,25,0,OWL2_DL - OWL2_FULL,OWL2_DL,,,,0.3256,,,1.4661
ore_ont_16703.owl,8629,6,91663,83033,9082,73951,0,0,1,0,OWL2_DL - OWL2_FULL,OWL2_DL,5.5148,1.4066,31.5806,0.2592,0.1209,0.1199,1.4407
ore_ont_11597.owl,8629,6,91663,83033,9082,73951,0,0,1,0,OWL2_DL - OWL2_FULL,OWL2_DL,5.5032,1.3899,31.166,0.257,0.12,0.1265,1.4268
ore_ont_13359.owl,8804,6,92014,83209,9258,73951,0,0,1,0,OWL2_DL - OWL2_FULL,OWL2_DL,5.4849,1.4552,31.1018,0.2592,0.1432,0.141,1.4054
ore_ont_7401.owl,31664,15412,70816,39143,23723,15412,8,0,10,0,OWL2_DL - OWL2_FULL,OWL2_DL,28.0838,31.2798,498.9207,0.307,18.4387,16.2757,1.593
ore_ont_1833.owl,196,9903,43630,43219,790,42429,0,93,123,0,OWL2_DL - OWL2_FULL,OWL2_DL,0.7463,1.5847,,0.1062,0.8544,,1.8947
ore_ont_1115.owl,9223,7,93964,84737,10610,74124,3,0,4,0,OWL2_DL - OWL2_FULL,OWL2_DL,4.0372,16.459600000000002,32.4409,0.2761,0.145,0.1542,1.5077
ore_ont_6478.owl,9555,9,98241,88681,11056,77620,5,0,5,0,OWL2_DL - OWL2_FULL,OWL2_DL,4.4453,40.6589,25.8475,0.3011999999999999,0.1549,0.1619,1.6272
ore_ont_9347.owl,114,13356,56089,55829,368,55447,14,23,123,0,OWL2_DL - OWL2_FULL,OWL2_DL,1.067,14.3909,45.3417,0.0258,0.343,0.2991,1.0396
ore_ont_13684.owl,19266,26146,85123,65823,39664,26146,13,0,36,0,OWL2_DL - OWL2_EL - OWL2_FULL,OWL2_EL,,505.9331,,0.3228,48.2812,29.6812,1.6448
ore_ont_14909.owl,183,31274,56168,55840,373,55447,20,0,146,0,OWL2_DL - OWL2_EL - OWL2_FULL,OWL2_EL,15.417,30.8386,247.9955,0.2737,0.7401,0.7554,1.2921
ore_ont_15991.owl,346,10955,58250,57883,640,57237,6,1,21,0,OWL2_DL - OWL2_FULL,OWL2_DL,419.5003,34.5966,,0.0507,,,1.4217
ore_ont_13136.owl,6688,16,105622,98878,19693,79149,36,0,56,0,OWL2_DL - OWL2_FULL,OWL2_DL,,673.6872,,0.6980999999999999,,,2.3616
ore_ont_1634.owl,6688,16,105622,98878,19693,79149,36,0,56,0,OWL2_DL - OWL2_FULL,OWL2_DL,,690.4308,,0.691,,,2.3772
ore_ont_14012.owl,6688,16,105622,98878,19693,79149,36,0,56,0,OWL2_DL - OWL2_FULL,OWL2_DL,,696.1426,,0.6951999999999999,,,2.3647
ore_ont_5253.owl,11427,7,115222,103713,14679,88955,79,0,82,0,OWL2_DL - OWL2_FULL,OWL2_DL,8.0739,468.3124,138.8858,0.3613,1.4314,1.4942,1.7623
ore_ont_5193.owl,8633,73951,91668,83035,9084,73951,0,0,1,0,OWL2_DL - OWL2_EL - OWL2_FULL,OWL2_EL,5.5347,1.2649,31.1626,0.2669,1.3533,1.1116,1.9225
ore_ont_5059.owl,4322,17296,41406,36399,6321,29985,93,0,686,0,OWL2_DL - OWL2_FULL,OWL2_DL,3.9985,1265.5572,78.8742,0.4001,2.0455,1.8423,2.2826
ore_ont_15536.owl,583,11934,64411,63804,1092,62706,6,1,24,0,OWL2_DL - OWL2_FULL,OWL2_DL,,75.8124,,0.0752999999999999,,,2.4325
ore_ont_10965.owl,10288,11,130464,120169,11846,108314,9,0,7,0,OWL2_DL - OWL2_FULL,OWL2_DL,10.8939,117.0172,456.0647,0.3734,0.1845,0.1463,1.9769
ore_ont_1840.owl,10288,11,130464,120169,11846,108314,9,0,7,0,OWL2_DL - OWL2_FULL,OWL2_DL,10.8626,116.7762,483.3413,0.374,0.1957,0.1493,1.9104
ore_ont_4141.owl,106,14334,67098,66909,308,66581,20,34,49,0,OWL2_DL - OWL2_FULL,OWL2_DL,,,,,,,2.1553
ore_ont_11110.owl,16302,7,129647,113341,32286,81052,3,0,4,0,OWL2_DL - OWL2_FULL,OWL2_DL,5.3907,18.8881,588.7956,0.2767,2.0831,1.6091,1.9652
ore_ont_3737.owl,16303,7,129649,113342,32287,81052,3,0,4,0,OWL2_DL - OWL2_FULL,OWL2_DL,5.3896,19.2956,560.3116,0.281,2.1335,1.6601,2.0193
ore_ont_191.owl,16303,7,129649,113342,32287,81052,3,0,4,0,OWL2_DL - OWL2_FULL,OWL2_DL,5.4136,19.2181,563.9988999999999,0.2821,2.1964,1.6858,2.057
ore_ont_7389.owl,1007,15078,62478,61446,1447,59987,12,0,26,0,OWL2_DL - OWL2_EL - OWL2_FULL,OWL2_EL,,20.8192,,0.0191,,,1.158
ore_ont_5544.owl,60,17941,65534,65459,216,65240,3,0,16,0,OWL2_DL - OWL2_FULL,OWL2_DL,1.9688,0.857,69.0977,0.0071,0.4905,0.3128,1.3031
ore_ont_7416.owl,17295,7,135269,117881,34237,83567,77,0,93,0,OWL2_DL - OWL2_FULL,OWL2_DL,,410.1298,,0.3221,,,2.3775
ore_ont_7607.owl,273,33080,86320,85987,342,85639,6,37,24,0,OWL2_DL - OWL2_FULL,OWL2_DL,2.2372,,,0.0113,0.7355,,1.7518
ore_ont_5103.owl,369,14353,75402,75012,666,74340,6,1,21,0,OWL2_DL - OWL2_FULL,OWL2_DL,,77.5407,,0.0641,,,1.8457
ore_ont_1966.owl,20515,7,143139,122596,38131,84424,41,0,29,0,OWL2_DL - OWL2_FULL,OWL2_DL,26.3073,697.9807,983.226,0.4452,3.1087,2.779,2.4794
ore_ont_773.owl,8849,0,146151,137300,9243,128056,1,0,2,0,OWL2_DL - OWL2_FULL,OWL2_DL,114.7605,32.534,823.4492,0.4044,0.2523,0.2254,2.2951
ore_ont_7803.owl,18672,7,145563,126796,37397,89323,76,0,95,0,OWL2_DL - OWL2_FULL,OWL2_DL,,455.8438,,0.3697,,26.7215,2.5904
ore_ont_2291.owl,36504,0,159150,122646,36500,86146,0,0,0,0,OWL2_DL - OWL2_RL - OWL2_FULL,OWL2_DL,6.7566,3.9679,52.342,0.3918999999999999,0.9438,0.6198,2.3711
ore_ont_15557.owl,38593,0,166980,128387,38589,89798,0,0,0,0,OWL2_DL - OWL2_RL - OWL2_FULL,OWL2_DL,7.3042,4.0887,55.5936,0.429,0.9086,0.6243,2.6984
ore_ont_3954.owl,9161,0,158179,149016,9567,139447,2,0,2,0,OWL2_DL - OWL2_FULL,OWL2_DL,133.971,65.38289999999999,927.2113,0.4442,0.4505,0.2102,2.5518
ore_ont_14543.owl,25844,7,165203,139358,40464,98893,1,0,1,0,OWL2_DL - OWL2_FULL,OWL2_DL,7.699,23.2518,680.0824,0.3748,4.6857,2.7244,2.6739
ore_ont_6120.owl,16307,81052,129654,113344,32289,81052,3,0,4,0,OWL2_DL - OWL2_EL - OWL2_FULL,OWL2_EL,5.4022,20.3636,636.0229,0.2925,5.3387,3.5053,2.6071
ore_ont_5755.owl,9220,0,162239,153017,9627,143388,2,0,2,0,OWL2_DL - OWL2_FULL,OWL2_DL,149.642,67.0822,945.4898,0.4759,0.3781,0.2379,2.5263
ore_ont_9567.owl,9220,0,162239,153017,9627,143388,2,0,2,0,OWL2_DL - OWL2_FULL,OWL2_DL,141.3629,67.4701,883.0317,0.4756,0.3816,0.2443,2.5576
ore_ont_15237.owl,304,15433,84241,83916,596,83314,6,1,21,0,OWL2_DL - OWL2_FULL,OWL2_DL,,119.2603,,0.0146,,,1.6394
ore_ont_12448.owl,19748,9,163906,144153,41178,102970,5,0,5,0,OWL2_DL - OWL2_FULL,OWL2_DL,8.9516,64.6164,655.7959999999999,0.3877,3.5349,2.7502,2.5653
ore_ont_9046.owl,10292,108314,130469,120171,11848,108314,9,0,7,0,OWL2_DL - OWL2_EL - OWL2_FULL,OWL2_EL,10.8854,135.1113,447.2155,0.3933,2.525,2.0291,2.7658
ore_ont_14556.owl,338,17388,90521,90161,619,89536,6,1,22,0,OWL2_DL - OWL2_FULL,OWL2_DL,1005.3618,82.8149,,0.0166,756.1056,580.5476,1.7264
ore_ont_7914.owl,17680,11,161922,144081,35398,108512,171,0,161,15,OWL2_DL - OWL2_FULL,OWL2_DL,,,,2.9955,,,5.3265
ore_ont_13708.owl,61321,4912,130226,68580,62953,5112,515,4,322,0,OWL2_DL - OWL2_FULL,OWL2_DL,,,,,,,1.9995
ore_ont_11457.owl,61321,4912,130226,68580,62953,5112,515,4,322,0,OWL2_DL - OWL2_FULL,OWL2_DL,,,,,,,2.0118
ore_ont_16315.owl,4895,58273,108506,103494,2537,100799,158,0,118,0,OWL2_DL - OWL2_FULL,OWL2_DL,,,,0.8476,,,12.1383
ore_ont_8723.owl,5116,58273,109313,104031,2983,100816,232,0,169,0,OWL2_DL - OWL2_EL - OWL2_FULL,OWL2_EL,,,,0.8318,,,10.4792
ore_ont_16184.owl,61736,4912,131727,69349,63260,5112,977,0,644,0,OWL2_DL - OWL2_EL - OWL2_FULL,OWL2_EL,,,,,,,2.0627
ore_ont_12522.owl,2089,21399,90308,88194,3007,85175,12,0,26,0,OWL2_DL - OWL2_EL - OWL2_FULL,OWL2_EL,,45.6987,,0.0329,,,1.7724
ore_ont_1123.owl,45002,7,141935,96686,52604,43899,183,47,201,0,OWL2_DL - OWL2_FULL,OWL2_DL,,,,,,,
ore_ont_3873.owl,25609,0,189561,163944,26367,137569,8,0,8,0,OWL2_DL - OWL2_FULL,OWL2_DL,55.4748,208.9317,878.1617,0.4717,2.5189,2.3949,3.1095
ore_ont_5781.owl,8853,128056,146156,137302,9245,128056,1,0,2,0,OWL2_DL - OWL2_EL - OWL2_FULL,OWL2_EL,117.6062,33.1627,807.8109,0.4385,282.3118,223.9661,3.2496
ore_ont_16511.owl,14,22122,87095,86996,153,86805,38,28,58,0,OWL2_DL - OWL2_FULL,OWL2_DL,4.2159,21.6329,98.0128,0.0157,0.5966,0.4578,1.7225
ore_ont_11207.owl,1083,18177,103286,102179,2191,99982,6,1,24,0,OWL2_DL - OWL2_FULL,OWL2_DL,,200.3363,,0.1329,,,4.9351
ore_ont_6816.owl,19752,102970,163911,144155,41180,102970,5,0,5,0,OWL2_DL - OWL2_EL - OWL2_FULL,OWL2_EL,8.8954,59.0191,704.573,0.3895,7.0509,5.2582,3.407
ore_ont_10127.owl,689,20373,107500,106790,1236,105548,6,1,21,0,OWL2_DL - OWL2_FULL,OWL2_DL,,224.7063,,0.1135,,,3.8966
ore_ont_8858.owl,9224,143388,162244,153019,9629,143388,2,0,2,0,OWL2_DL - OWL2_EL - OWL2_FULL,OWL2_EL,139.6358,67.3076,905.7325,0.4787,342.5579,263.0125,3.7409
ore_ont_13928.owl,53085,106,154828,101626,101360,108,158,0,118,0,OWL2_DL - OWL2_FULL,OWL2_DL,,,,2.2965,,463.559,4.2637
ore_ont_8068.owl,25520,7,223694,198170,42998,155169,3,0,4,0,OWL2_DL - OWL2_FULL,OWL2_DL,,45.0658,,0.3881,2.6423,2.1311,3.4825
ore_ont_14221.owl,512,21598,115216,114684,957,113721,6,1,20,0,OWL2_DL - OWL2_FULL,OWL2_DL,,237.0688,,0.0974,,,3.0563
ore_ont_2415.owl,23863,11,220800,196861,51675,145095,91,0,76,0,OWL2_DL - OWL2_FULL,OWL2_DL,22.7609,,1709.0091,0.5496000000000001,11.5302,8.0188,3.8799
ore_ont_14601.owl,679,22089,117052,116348,1260,115082,6,1,25,0,OWL2_DL - OWL2_FULL,OWL2_DL,,314.5238,,0.1222999999999999,,,4.3546
ore_ont_10068.owl,17558,0,227919,210353,30111,180242,0,0,8,0,OWL2_DL - OWL2_FULL,OWL2_DL,,4.5958,1615.444,0.7331,1.6479,1.0642,3.6638
ore_ont_12414.owl,27889,7,238661,210765,47518,163244,3,0,7,0,OWL2_DL - OWL2_FULL,OWL2_DL,26.3443,46.9885,1519.4435,0.4311999999999999,3.8644,2.4954,3.6242
ore_ont_11053.owl,9157,34875,79096,69918,34959,34959,0,0,21,0,OWL2_DL - OWL2_EL - OWL2_FULL,OWL2_EL,183.5413,46.1564,1053.0684,0.1373,241.4513,149.0727,2.891
ore_ont_16235.owl,27882,7,241966,214080,50941,163136,3,0,4,0,OWL2_DL - OWL2_FULL,OWL2_DL,,50.5486,,0.5108,18.1278,14.1907,3.9695
ore_ont_4033.owl,9158,34875,84389,75209,40250,34959,0,0,22,0,OWL2_DL - OWL2_EL - OWL2_FULL,OWL2_EL,183.5195,51.727,1102.3341,0.1374,243.6751,145.4586,3.0204
ore_ont_15687.owl,27397,634,66133,38380,37642,714,24,5,352,0,OWL2_DL - OWL2_FULL,OWL2_DL,,,,54.2091,,,69.9581
ore_ont_16767.owl,1670,27374,122485,120789,2358,118419,12,0,27,0,OWL2_DL - OWL2_EL - OWL2_FULL,OWL2_EL,,59.0238,,0.0268,,,2.274
ore_ont_14742.owl,75141,0,240929,165786,119558,46225,3,0,2,0,OWL2_DL - OWL2_FULL,OWL2_DL,,503.0959,,1.0715,,,4.0673
ore_ont_1043.owl,26339,137569,200332,173986,36409,137569,8,0,8,0,OWL2_DL - OWL2_EL - OWL2_FULL,OWL2_EL,,212.5734,,0.4939,147.3384,108.2968,4.455
ore_ont_955.owl,75141,0,240929,165786,119558,46225,3,0,2,0,OWL2_DL - OWL2_FULL,OWL2_DL,,493.8547,,1.0372,,,4.1569
ore_ont_13969.owl,78979,0,247812,168826,121708,47114,4,0,7,0,OWL2_DL - OWL2_FULL,OWL2_DL,5.9681,24.1368,,1.124,101.8337,78.7764,3.831
ore_ont_12651.owl,78979,0,247812,168826,121708,47114,4,0,7,0,OWL2_DL - OWL2_FULL,OWL2_DL,5.8956,23.9335,,1.1254,106.6722,77.897,3.7937
ore_ont_4744.owl,78979,0,247812,168826,121708,47114,4,0,7,0,OWL2_DL - OWL2_FULL,OWL2_DL,5.9975000000000005,23.545,,1.149,102.911,77.6382,3.8873
ore_ont_3733.owl,81150,12,253868,172686,124611,48064,11,4,28,0,OWL2_DL - OWL2_FULL,OWL2_DL,6.3149,99.1936,,2.0306,6.0258,5.4026,4.92
ore_ont_4054.owl,30169,8,268374,238200,57795,180400,5,0,5,0,OWL2_DL - OWL2_FULL,OWL2_DL,,134.4017,,0.712,22.4432,20.1095,4.5597
ore_ont_5358.owl,30169,8,268374,238200,57795,180400,5,0,5,0,OWL2_DL - OWL2_FULL,OWL2_DL,,133.8687,,0.681,28.1525,19.1323,4.6776
ore_ont_14355.owl,23854,144897,219662,195804,50905,144897,2,0,4,0,OWL2_DL - OWL2_QL - OWL2_FULL,OWL2_DL,18.6558,5.0151,1542.7375,0.4598,5.1888,4.1861,4.76
ore_ont_15133.owl,23855,144897,219667,195806,50900,144897,9,0,7,0,OWL2_DL - OWL2_EL - OWL2_FULL,OWL2_EL,18.8453,189.227,1552.7101,0.498,8.1705,6.8206,4.6507
ore_ont_11827.owl,23855,144897,219667,195806,50900,144897,9,0,7,0,OWL2_DL - OWL2_EL - OWL2_FULL,OWL2_EL,18.577,181.4278,1495.647,0.4865,8.3104,6.7281,4.702
ore_ont_16286.owl,60685,4763,184475,116788,105064,4777,6947,2275,4727,0,OWL2_DL - OWL2_FULL,OWL2_DL,39.678,51.9647,1035.5834,10.7141,46.4664,35.9019,12.853
ore_ont_11287.owl,415,7524,149335,148783,553,148016,214,27,110,0,OWL2_DL - OWL2_FULL,OWL2_DL,,,,,,,2.5471
ore_ont_14154.owl,793,26965,143909,143094,1506,141582,6,1,22,0,OWL2_DL - OWL2_FULL,OWL2_DL,,422.7916,,0.1434,,,5.0782
ore_ont_15725.owl,582,26163,146315,145711,1123,144582,6,1,22,0,OWL2_DL - OWL2_FULL,OWL2_DL,,341.198,,0.0264,,,3.266
ore_ont_11459.owl,78983,47114,247817,168828,121710,47114,4,0,7,0,OWL2_DL - OWL2_EL - OWL2_FULL,OWL2_EL,6.2434,23.742,,1.0725,106.7091,75.8617,4.1829
ore_ont_6627.owl,34209,19,262024,227609,78696,148736,177,0,206,15,OWL2_DL - OWL2_FULL,OWL2_DL,,,,3.5687,,,7.8288
ore_ont_4242.owl,1902,32075,139325,137397,2707,134678,12,0,27,0,OWL2_DL - OWL2_EL - OWL2_FULL,OWL2_EL,,70.2897,,0.0298,,,2.7368
ore_ont_8787.owl,17562,180242,227924,210355,30113,180242,0,0,8,0,OWL2_DL - OWL2_EL - OWL2_FULL,OWL2_EL,,4.0958,1618.481,0.7311,92.07,67.6686,5.0431
ore_ont_1370.owl,20977,0,303335,282349,38375,243972,2,0,9,0,OWL2_DL - OWL2_FULL,OWL2_DL,,143.5007,,0.9622,,,4.7799
ore_ont_4755.owl,27890,7,323032,295138,50954,244181,3,0,4,0,OWL2_DL - OWL2_FULL,OWL2_DL,,78.4712,,0.5122,18.4087,13.6138,5.3431
ore_ont_14861.owl,27899,7,323312,295396,51209,244182,5,0,17,0,OWL2_DL - OWL2_FULL,OWL2_DL,,79.5241,,0.5279,,15.3174,5.289
ore_ont_15621.owl,643,31977,168536,167871,1210,166655,6,1,22,0,OWL2_DL - OWL2_FULL,OWL2_DL,,468.1805,,0.0355,,,4.2761
ore_ont_10838.owl,4327,95653,183463,179019,2537,176324,158,0,118,0,OWL2_DL - OWL2_FULL,OWL2_DL,,,,1.2647,,,19.8096
ore_ont_318.owl,34134,11,350198,316057,62848,253200,9,0,7,0,OWL2_DL - OWL2_FULL,OWL2_DL,,412.5511,,0.6262,5.4074,4.6442,5.634
ore_ont_3087.owl,4192,95453,195100,190791,2537,188096,158,0,118,0,OWL2_DL - OWL2_FULL,OWL2_DL,,,,1.342,,,21.5129
ore_ont_10697.owl,652,36186,188251,187573,1164,186403,6,1,26,0,OWL2_DL - OWL2_FULL,OWL2_DL,,1229.9074,,0.049,,,5.4521
ore_ont_9767.owl,37251,11,371804,334546,68453,266084,9,0,7,0,OWL2_DL - OWL2_FULL,OWL2_DL,,457.4051,,0.6739,5.3747,4.6132,6.0695
ore_ont_5418.owl,37253,11,372023,334762,68652,266101,9,0,8,0,OWL2_DL - OWL2_FULL,OWL2_DL,,464.63,,0.6869000000000001,5.9916,4.7275,6.2482
ore_ont_8194.owl,30334,7,398086,367671,49301,318292,78,0,81,0,OWL2_DL - OWL2_FULL,OWL2_DL,,,,1.2851,45.0379,31.623,6.7888
ore_ont_8475.owl,74260,1283,303499,228880,227765,1085,30,0,361,0,OWL2_DL - OWL2_EL - OWL2_FULL,OWL2_EL,,,,,,,
ore_ont_2046.owl,10856,60502,131864,121004,60502,60502,0,0,4,0,OWL2_DL - OWL2_EL - OWL2_FULL,OWL2_EL,690.9361,123.0064,,0.1893,335.2579,188.6644,5.1428
ore_ont_1182.owl,1086,35406,208551,207437,2252,205179,6,1,28,0,OWL2_DL - OWL2_FULL,OWL2_DL,,1166.8237,,0.2115,,,8.7383
ore_ont_11745.owl,43917,15,388243,344164,84391,259668,105,0,162,0,OWL2_DL - OWL2_FULL,OWL2_DL,,,,1.5166,,,8.488
ore_ont_4557.owl,18758,63749,146260,127498,63749,63749,0,0,4,0,OWL2_DL - OWL2_EL - OWL2_FULL,OWL2_EL,834.7192,152.9574,,0.2714,581.0013,362.1206,5.6665
ore_ont_11315.owl,36115,12,435808,399685,74385,325290,10,0,8,0,OWL2_DL - OWL2_FULL,OWL2_DL,,711.5183999999999,,1.8391,29.7947,23.7154,7.5167
ore_ont_11899.owl,36124,12,436130,399985,74679,325293,13,0,21,0,OWL2_DL - OWL2_FULL,OWL2_DL,,712.0636,,1.8458,,25.0953,7.5921
ore_ont_9400.owl,34241,253200,350614,316367,63158,253200,9,0,7,0,OWL2_DL - OWL2_EL - OWL2_FULL,OWL2_EL,,407.3422,,0.6269,77.0748,58.9984,7.6396
ore_ont_5602.owl,20225,65566,151361,131132,65566,65566,0,0,4,0,OWL2_DL - OWL2_EL - OWL2_FULL,OWL2_EL,1050.4054,154.4642,,0.2848,643.1685,402.5835,5.7846
ore_ont_9768.owl,20389,66977,154347,133954,66977,66977,0,0,4,0,OWL2_DL - OWL2_EL - OWL2_FULL,OWL2_EL,728.4635,157.0708,,0.29,616.3941,363.9756,5.6755
ore_ont_15846.owl,22478,129647,281717,259122,2537,256427,158,0,118,0,OWL2_DL - OWL2_FULL,OWL2_DL,,,,2.437,,,33.9978
ore_ont_1579.owl,22699,129647,282524,259659,2983,256444,232,0,169,0,OWL2_DL - OWL2_EL - OWL2_FULL,OWL2_EL,,,,2.2201,,,28.9049
ore_ont_751.owl,37254,266084,371807,334549,68463,266084,2,0,4,0,OWL2_DL - OWL2_QL - OWL2_FULL,OWL2_DL,,7.5965,,1.3182,7.3307,6.3555,8.4423
ore_ont_14216.owl,19194,66454,165547,146348,79894,66454,0,0,5,0,OWL2_DL - OWL2_EL - OWL2_FULL,OWL2_EL,981.0835,200.8374,,0.2799,610.3743,495.9919,6.1102
ore_ont_11464.owl,14892,0,490205,475313,21034,454279,0,0,0,0,OWL2_DL - OWL2_RL - OWL2_FULL,OWL2_DL,,5.9174,,1.3512,0.3914,0.3882,7.5465
ore_ont_12901.owl,293,48927,248038,247723,523,247194,6,1,22,0,OWL2_DL - OWL2_FULL,OWL2_DL,,1086.1903,,0.0198,,,4.5945
ore_ont_5769.owl,1902,52221,226856,224930,2706,222212,12,0,25,0,OWL2_DL - OWL2_EL - OWL2_FULL,OWL2_EL,,144.5566,,0.7586,,,4.2384
ore_ont_7557.owl,33520,112691,287851,254214,26260,227796,158,0,118,0,OWL2_DL - OWL2_FULL,OWL2_DL,,,,2.1988000000000003,,,28.3294
ore_ont_5295.owl,33742,112691,288804,254896,26851,227813,232,0,169,0,OWL2_DL - OWL2_EL - OWL2_FULL,OWL2_EL,,,,2.2979,,,24.0629
ore_ont_5481.owl,15603,8,497293,481685,24012,457670,3,0,5,0,OWL2_DL - OWL2_FULL,OWL2_DL,,516.7486,,1.4947,4.4708,3.3446,7.9626
ore_ont_10073.owl,15603,8,497293,481685,24012,457670,3,0,5,0,OWL2_DL - OWL2_FULL,OWL2_DL,,536.6648,,1.4795,4.4673,3.4255,8.0053
ore_ont_5218.owl,89931,22,469812,379688,115095,264461,132,0,194,0,OWL2_DL - OWL2_FULL,OWL2_DL,,,,2.4586,,,10.7926
ore_ont_2253.owl,20603,67393,172388,151778,84385,67393,0,0,7,0,OWL2_DL - OWL2_EL - OWL2_FULL,OWL2_EL,857.5646,164.818,,0.3135,768.4307,484.1353,6.0488
ore_ont_2111.owl,51417,14,498182,446652,90417,356154,81,0,113,0,OWL2_DL - OWL2_FULL,OWL2_DL,,,,1.9835,,,8.8842
ore_ont_1886.owl,4558,86475,180298,175002,6739,168173,90,0,739,0,OWL2_DL - OWL2_FULL,OWL2_DL,150.7825,,,0.3591,8.1616,5.7236,13.0084
ore_ont_16701.owl,899,43298,267674,266754,1958,264790,6,0,22,0,OWL2_DL - OWL2_FULL,OWL2_DL,,892.222,,0.0407,,,6.369
ore_ont_3164.owl,643,51778,275906,275243,1247,273990,6,1,20,0,OWL2_DL - OWL2_FULL,OWL2_DL,,1558.9707,,0.0333,,,6.3078
ore_ont_1199.owl,32666,117925,325473,292690,32680,259852,158,0,118,0,OWL2_DL - OWL2_FULL,OWL2_DL,,,,1.9071,,,31.0779
ore_ont_7993.owl,20167,78497,177165,156994,78497,78497,0,0,4,0,OWL2_DL - OWL2_EL - OWL2_FULL,OWL2_EL,1079.0033,208.9811,,0.3096,789.4081,517.517,6.833
ore_ont_12528.owl,31850,0,571744,539885,69312,470571,2,0,9,0,OWL2_DL - OWL2_FULL,OWL2_DL,,402.9477,,1.8232,,,9.4793
ore_ont_13106.owl,4435,61567,280146,275682,6454,269216,12,0,30,0,OWL2_DL - OWL2_EL - OWL2_FULL,OWL2_EL,,253.4836,,0.0619,,,5.6513
ore_ont_5760.owl,20354,78934,193976,173617,94683,78934,0,0,5,0,OWL2_DL - OWL2_EL - OWL2_FULL,OWL2_EL,1172.0626,206.0036,,0.3068,787.2883,617.5777,7.0077
ore_ont_10929.owl,13,22954,244449,244350,185,244134,31,25,62,0,OWL2_DL - OWL2_FULL,OWL2_DL,9.8611,55.7307,519.2507,0.0179,,,6.6143
ore_ont_10380.owl,36204,9,592629,556396,74487,481898,11,0,29,0,OWL2_DL - OWL2_FULL,OWL2_DL,,,,1.9382,,,9.6636
ore_ont_13846.owl,35707,9,600937,565130,73983,491054,93,0,101,0,OWL2_DL - OWL2_FULL,OWL2_DL,,,,1.9063,17.6641,14.188,10.2622
ore_ont_2622.owl,546,59453,315087,314519,982,313531,6,1,22,0,OWL2_DL - OWL2_FULL,OWL2_DL,,,,0.0345,,,7.2775
ore_ont_5519.owl,150979,0,533136,382155,167349,214804,2,0,2,0,OWL2_DL - OWL2_FULL,OWL2_DL,,167.1122,,2.0786,35.2271,22.699,9.3988
ore_ont_9027.owl,105658,33505,329369,223576,149855,73708,13,24,111,0,OWL2_DL - OWL2_FULL,OWL2_DL,510.9597,97.4787,,6.0925,348.8552,,12.1461
ore_ont_2513.owl,958,62471,325057,324075,1775,322294,6,1,24,0,OWL2_DL - OWL2_FULL,OWL2_DL,,,,0.0854,,,10.1266
ore_ont_3658.owl,998,61617,330903,329879,1913,327960,6,1,26,0,OWL2_DL - OWL2_FULL,OWL2_DL,,,,0.0771,,,10.3785
ore_ont_9958.owl,1394,59885,333209,331790,2683,329101,6,1,25,0,OWL2_DL - OWL2_FULL,OWL2_DL,,,,0.3479,,,14.8616
ore_ont_4572.owl,36,32990,223342,223273,133,223139,1,28,5,0,OWL2_DL - OWL2_RL - OWL2_FULL,OWL2_DL,5.372,18.2423,588.3592,0.0161,1.0496,,5.1598
ore_ont_13591.owl,57,112320,223461,223372,233,223139,0,0,33,0,OWL2_DL - OWL2_QL - OWL2_EL - OWL2_FULL,OWL2_EL,486.4676,6.2298,,0.9854,2.612,2.0883000000000003,6.0234
ore_ont_5596.owl,60,112320,223492,223401,261,223139,1,0,33,0,OWL2_DL - OWL2_EL - OWL2_FULL,OWL2_EL,392.4723,56.903,,0.996,5.4322,4.1862,6.0319
ore_ont_6682.owl,110717,40069,357057,246226,156921,89292,13,4,110,0,OWL2_DL - OWL2_FULL,OWL2_DL,823.3618,108.5927,,6.1812000000000005,,260.7158,12.8419
ore_ont_3133.owl,1013,70849,377192,376154,2022,374126,6,1,25,0,OWL2_DL - OWL2_FULL,OWL2_DL,,,,0.1038999999999999,,,10.9477
ore_ont_12203.owl,889,73465,386344,385431,1644,383781,6,1,24,0,OWL2_DL - OWL2_FULL,OWL2_DL,,,,0.0654,,,10.8508
ore_ont_5475.owl,31853,470571,571749,539887,69316,470571,0,0,9,0,OWL2_DL - OWL2_QL - OWL2_FULL,OWL2_DL,,15.9142,,1.8298,13.3223,10.7424,13.8466
ore_ont_4187.owl,790,79337,397136,396325,1417,394902,6,1,21,0,OWL2_DL - OWL2_FULL,OWL2_DL,,,,0.0602,,,10.3999
ore_ont_2486.owl,36246,481898,593000,556727,74818,481898,11,0,29,0,OWL2_DL - OWL2_EL - OWL2_FULL,OWL2_EL,,,,1.9618,,,13.8535
ore_ont_4412.owl,60972,42,822491,761414,127474,633838,102,0,105,0,OWL2_DL - OWL2_FULL,OWL2_DL,,,,2.8613,18.7251,13.5734,14.471
ore_ont_16414.owl,1004,86788,464153,463123,1988,461129,6,1,26,0,OWL2_DL - OWL2_FULL,OWL2_DL,,,,0.0847,,,13.6182
ore_ont_10125.owl,73449,20,964490,891006,142989,747998,19,0,35,0,OWL2_DL - OWL2_FULL,OWL2_DL,,,,3.4109,,,15.9462
ore_ont_10568.owl,150591,117925,703248,552540,292530,259852,158,0,118,0,OWL2_DL - OWL2_FULL,OWL2_DL,,,,8.981,,,42.5302
ore_ont_12128.owl,187519,17,847766,660188,439187,220948,53,0,61,0,OWL2_DL - OWL2_FULL,OWL2_DL,,,,7.1363,,,19.8355
ore_ont_6233.owl,29971,176043,399651,369675,193632,176043,0,0,5,0,OWL2_DL - OWL2_EL - OWL2_FULL,OWL2_EL,,1345.2577,,0.5934999999999999,,,16.8846
ore_ont_1306.owl,35622,182784,401194,365568,182784,182784,0,0,4,0,OWL2_DL - OWL2_EL - OWL2_FULL,OWL2_EL,,1415.6493,,0.6359,,,17.3794
ore_ont_12351.owl,73521,747998,965093,891539,143522,747998,19,0,35,0,OWL2_DL - OWL2_EL - OWL2_FULL,OWL2_EL,,,,3.5069,,,22.6923
ore_ont_12567.owl,232086,220948,926550,694386,473357,220948,81,0,81,0,OWL2_DL - OWL2_EL - OWL2_FULL,OWL2_EL,,,,4.1989,,,19.2352
ore_ont_16457.owl,719,122888,660477,659651,1395,658117,139,1,108,3,OWL2_DL - OWL2_FULL,OWL2_DL,,,,0.3082,,,27.6915
ore_ont_2574.owl,81270,124592,741729,660341,275132,385051,158,0,119,0,OWL2_DL - OWL2_FULL,OWL2_DL,,,,,,,
ore_ont_10750.owl,37511,228760,503023,465506,232753,232753,0,0,6,0,OWL2_DL - OWL2_EL - OWL2_FULL,OWL2_EL,,,,0.8104,,,23.2313
ore_ont_3914.owl,12437,658369,913041,900585,12567,888012,6,0,19,0,OWL2_DL - OWL2_FULL,OWL2_DL,,,,5.0957,282.6045,195.7396,23.1654
ore_ont_1012.owl,37962,232982,537353,499385,262266,237119,0,0,6,0,OWL2_DL - OWL2_EL - OWL2_FULL,OWL2_EL,,,,0.7464,,,24.3254
ore_ont_15280.owl,51949,289206,630365,578412,289206,289206,0,0,4,0,OWL2_DL - OWL2_EL - OWL2_FULL,OWL2_EL,,,,0.9743,,,29.283
ore_ont_13482.owl,58376,292198,689540,631131,337936,293195,0,0,33,0,OWL2_DL - OWL2_EL - OWL2_FULL,OWL2_EL,,,,1.0832,,,30.9672
ore_ont_7192.owl,71033,128215,3196801,3125651,258527,2866966,158,0,118,0,OWL2_DL - OWL2_FULL,OWL2_DL,,,,,,,
